{"stats":{"minecraft:mined":{"minecraft:dark_oak_planks":1,"minecraft:red_bed":2,"minecraft:jungle_slab":1,"minecraft:wall_torch":1,"minecraft:grass":1,"minecraft:crimson_planks":1,"minecraft:stone":66,"minecraft:spruce_slab":1},"minecraft:picked_up":{"aquaculture:synodontis":1,"minecraft:crimson_planks":1,"minecraft:red_bed":2,"minecraft:wooden_sword":1,"minecraft:bone":4,"aquaculture:pink_salmon":1,"minecraft:wheat_seeds":6,"ftbquests:book":1,"minecraft:iron_ingot":86,"aquaculture:pollock":1,"minecraft:spruce_slab":1,"minecraft:torch":2,"minecraft:porkchop":2,"alexsmobs:animal_dictionary":1,"minecraft:jungle_slab":1,"minecraft:barrel":3,"aquaculture:boulti":1,"minecraft:dark_oak_planks":1,"minecraft:emerald":6,"minecraft:bread":3,"minecraft:gold_ingot":29,"minecraft:cod":5,"minecraft:coal":2,"minecraft:cobblestone":66},"minecraft:dropped":{"minecraft:iron_ingot":86,"minecraft:bread":3,"alexsmobs:animal_dictionary":1,"minecraft:diamond_leggings":1,"minecraft:emerald":6,"minecraft:diamond_chestplate":1,"minecraft:diamond_helmet":1,"minecraft:diamond_boots":1,"ftbquests:book":1,"minecraft:gold_ingot":29,"dragonmounts:ghost_dragon_egg":1},"minecraft:custom":{"minecraft:interact_with_anvil":1,"minecraft:mob_kills":2,"minecraft:tune_noteblock":1,"minecraft:open_barrel":42,"minecraft:play_one_minute":118068,"minecraft:interact_with_grindstone":1,"minecraft:time_since_death":104269,"minecraft:climb_one_cm":2966,"minecraft:time_since_rest":104295,"minecraft:sprint_one_cm":167859,"minecraft:damage_taken":650,"minecraft:walk_one_cm":180464,"minecraft:trigger_trapped_chest":1,"minecraft:drop":12,"minecraft:damage_dealt":543,"minecraft:swim_one_cm":3942,"minecraft:talked_to_villager":2,"minecraft:fly_one_cm":245569,"minecraft:open_chest":5,"minecraft:crouch_one_cm":14342,"minecraft:deaths":1,"minecraft:sneak_time":4759,"minecraft:walk_under_water_one_cm":4700,"minecraft:jump":483,"minecraft:walk_on_water_one_cm":5166,"minecraft:enchant_item":10,"minecraft:fall_one_cm":3097},"minecraft:used":{"minecraft:enchanting_table":2,"theabyss:aboranys_pickaxe":61,"chipped:nether_bricks_15":2,"theabyss:aberythe_pickaxe":6,"minecraft:spruce_slab":1,"minecraft:stone":290,"minecraft:iron_sword":9,"chipped:stone_16":65,"atmospheric:aspen_bookshelf":23,"adorn:warped_bench":4,"decorative_blocks_abnormals:ender_brazier":1,"quark:spruce_bookshelf":6,"minecraft:torch":18,"quark:chiseled_andesite_bricks":110,"minecraft:dirt":507,"atmospheric:crustose_wood":2,"minecraft:anvil":1,"chipped:dark_oak_planks_8":46,"quark:spruce_trapped_chest":8,"minecraft:red_bed":2,"minecraft:jungle_slab":1,"decorative_blocks:chandelier":7,"minecraft:dark_oak_planks":1,"decorative_blocks:crimson_palisade":5,"decorative_blocks:chain":10,"minecraft:bread":1,"quark:matrix_enchanter":1,"minecraft:crimson_planks":1,"quark:diorite_pillar":87,"chipped:quartz_block_18":2,"quark:birch_bookshelf":35,"minecraft:grindstone":1,"minecraft:porkchop":2,"minecraft:podzol":6,"decorative_blocks:brazier":9,"comforts:sleeping_bag_white":2,"crumbs:oak_barrel":129},"minecraft:killed_by":{"hunterillager:hunterillager":1},"minecraft:killed":{"hunterillager:hunterillager":2}},"DataVersion":2586}