{"stats":{"minecraft:custom":{"minecraft:time_since_rest":53088,"minecraft:sprint_one_cm":121843,"minecraft:damage_taken":650,"minecraft:walk_one_cm":128279,"minecraft:mob_kills":2,"minecraft:interact_with_anvil":1,"minecraft:damage_dealt":534,"minecraft:swim_one_cm":3942,"minecraft:talked_to_villager":2,"minecraft:tune_noteblock":1,"minecraft:fly_one_cm":195177,"minecraft:open_barrel":34,"minecraft:open_chest":5,"minecraft:crouch_one_cm":13278,"minecraft:play_one_minute":66861,"minecraft:deaths":1,"minecraft:sneak_time":4399,"minecraft:walk_under_water_one_cm":4700,"minecraft:jump":341,"minecraft:walk_on_water_one_cm":5166,"minecraft:time_since_death":53062,"minecraft:enchant_item":2,"minecraft:climb_one_cm":2966,"minecraft:fall_one_cm":2888},"minecraft:used":{"minecraft:dark_oak_planks":1,"decorative_blocks:crimson_palisade":5,"theabyss:aboranys_pickaxe":61,"decorative_blocks:chain":1,"theabyss:aberythe_pickaxe":6,"minecraft:spruce_slab":1,"minecraft:stone":242,"minecraft:iron_sword":9,"chipped:stone_16":65,"atmospheric:aspen_bookshelf":23,"minecraft:crimson_planks":1,"quark:matrix_enchanter":1,"decorative_blocks_abnormals:ender_brazier":1,"minecraft:torch":18,"minecraft:dirt":505,"minecraft:anvil":1,"quark:spruce_trapped_chest":8,"chipped:dark_oak_planks_8":25,"minecraft:red_bed":2,"minecraft:podzol":6,"minecraft:jungle_slab":1,"crumbs:oak_barrel":129},"minecraft:killed_by":{"hunterillager:hunterillager":1},"minecraft:mined":{"minecraft:dark_oak_planks":1,"minecraft:red_bed":2,"minecraft:jungle_slab":1,"minecraft:grass":1,"minecraft:crimson_planks":1,"minecraft:stone":66,"minecraft:spruce_slab":1,"minecraft:wall_torch":1},"minecraft:picked_up":{"aquaculture:synodontis":1,"minecraft:torch":2,"minecraft:porkchop":2,"minecraft:crimson_planks":1,"minecraft:barrel":3,"minecraft:jungle_slab":1,"minecraft:dark_oak_planks":1,"minecraft:red_bed":2,"aquaculture:boulti":1,"minecraft:wooden_sword":1,"minecraft:bone":4,"aquaculture:pink_salmon":1,"minecraft:wheat_seeds":6,"aquaculture:pollock":1,"minecraft:spruce_slab":1,"minecraft:coal":2,"minecraft:cod":5,"minecraft:cobblestone":66},"minecraft:killed":{"hunterillager:hunterillager":2}},"DataVersion":2586}