{"stats":{"minecraft:crafted":{"minecraft:enchanted_book":6,"minecraft:air":0},"minecraft:mined":{"minecraft:dark_oak_planks":1,"minecraft:spruce_planks":1,"minecraft:red_bed":2,"minecraft:jungle_slab":1,"minecraft:oak_planks":1,"minecraft:wall_torch":1,"comforts:sleeping_bag_white":1,"minecraft:spruce_stairs":2,"minecraft:spruce_log":17,"minecraft:grass":28,"minecraft:stone_bricks":5,"minecraft:crimson_planks":1,"minecraft:spruce_fence_gate":2,"minecraft:stone":67,"minecraft:spruce_slab":1},"minecraft:picked_up":{"minecraft:netherite_boots":1,"aquaculture:synodontis":1,"minecraft:ladder":1,"minecraft:diamond_sword":2,"minecraft:crimson_planks":1,"minecraft:cobblestone_stairs":1,"minecraft:netherite_leggings":1,"minecraft:red_bed":2,"minecraft:wooden_sword":1,"minecraft:bone":4,"aquaculture:pink_salmon":1,"minecraft:stone_bricks":4,"minecraft:wheat_seeds":9,"comforts:sleeping_bag_white":1,"ftbquests:book":2,"minecraft:spruce_planks":15,"minecraft:iron_ingot":87,"minecraft:spruce_slab":1,"quark:root_item":1,"aquaculture:pollock":1,"minecraft:iron_pickaxe":1,"minecraft:chest":1,"minecraft:oak_planks":2,"minecraft:oak_slab":16,"minecraft:stick":6,"dragonmounts:aether_dragon_egg":63,"minecraft:torch":2,"minecraft:spruce_stairs":11,"chipped:dark_oak_planks_8":1,"minecraft:porkchop":2,"minecraft:stripped_spruce_log":1,"minecraft:spruce_sapling":2,"minecraft:spruce_log":17,"minecraft:spruce_door":2,"minecraft:jungle_slab":1,"minecraft:barrel":3,"alexsmobs:animal_dictionary":2,"aquaculture:boulti":1,"minecraft:dark_oak_planks":1,"minecraft:arrow":8,"minecraft:spruce_fence_gate":2,"minecraft:diamond":1,"minecraft:netherite_helmet":1,"minecraft:diamond_axe":1,"minecraft:emerald":6,"minecraft:bread":3,"minecraft:gold_ingot":29,"minecraft:netherite_chestplate":1,"minecraft:cod":5,"minecraft:coal":2,"minecraft:cobblestone":67,"minecraft:diamond_pickaxe":1},"minecraft:dropped":{"minecraft:bread":3,"minecraft:iron_ingot":87,"minecraft:diamond_axe":2,"alexsmobs:animal_dictionary":2,"minecraft:diamond":1,"minecraft:diamond_leggings":1,"minecraft:netherite_helmet":1,"minecraft:netherite_chestplate":1,"dragonmounts:aether_dragon_egg":64,"minecraft:salmon":1,"minecraft:netherite_leggings":1,"minecraft:emerald":6,"minecraft:diamond_sword":3,"minecraft:diamond_chestplate":1,"minecraft:diamond_pickaxe":2,"backpacked:backpack":1,"minecraft:diamond_helmet":1,"minecraft:netherite_boots":1,"minecraft:diamond_boots":1,"minecraft:iron_pickaxe":2,"ftbquests:book":2,"minecraft:gold_ingot":29,"dragonmounts:ghost_dragon_egg":1},"minecraft:custom":{"minecraft:interact_with_smithing_table":1,"minecraft:interact_with_anvil":1,"minecraft:mob_kills":4,"minecraft:traded_with_villager":6,"minecraft:tune_noteblock":1,"minecraft:open_barrel":48,"minecraft:play_one_minute":192884,"minecraft:interact_with_grindstone":16,"minecraft:leave_game":2,"minecraft:time_since_death":179085,"minecraft:climb_one_cm":2966,"minecraft:time_since_rest":179111,"minecraft:sprint_one_cm":239718,"minecraft:damage_taken":882,"minecraft:walk_one_cm":283706,"minecraft:trigger_trapped_chest":2,"minecraft:drop":32,"minecraft:damage_dealt":1008,"minecraft:swim_one_cm":3942,"minecraft:talked_to_villager":62,"minecraft:fly_one_cm":292615,"minecraft:open_chest":5,"minecraft:crouch_one_cm":17372,"minecraft:deaths":1,"minecraft:sneak_time":6535,"minecraft:walk_under_water_one_cm":4700,"minecraft:jump":709,"minecraft:walk_on_water_one_cm":5166,"minecraft:enchant_item":39,"minecraft:fall_one_cm":4485},"minecraft:used":{"minecraft:oak_fence":1,"minecraft:enchanting_table":2,"theabyss:aboranys_pickaxe":61,"chipped:nether_bricks_15":2,"theabyss:aberythe_pickaxe":6,"minecraft:armor_stand":4,"minecraft:spruce_slab":1,"minecraft:oak_planks":1,"minecraft:stone":647,"minecraft:iron_sword":9,"chipped:stone_16":119,"dragonmounts:aether_dragon_egg":1,"atmospheric:aspen_bookshelf":23,"minecraft:diamond_axe":7,"adorn:warped_bench":4,"decorative_blocks_abnormals:ender_brazier":1,"quark:spruce_bookshelf":6,"minecraft:salmon":8,"minecraft:torch":18,"quark:chiseled_andesite_bricks":110,"minecraft:dirt":507,"atmospheric:crustose_wood":2,"minecraft:anvil":1,"quark:spruce_trapped_chest":9,"chipped:dark_oak_planks_8":188,"mowziesmobs:wroughtnaut_spawn_egg":1,"minecraft:red_bed":2,"minecraft:blast_furnace":2,"minecraft:jungle_slab":1,"minecraft:white_bed":1,"darkerdepths:stone_brick_pillar":3,"minecraft:spruce_fence":36,"minecraft:spruce_log":17,"decorative_blocks:chandelier":7,"minecraft:dark_oak_planks":1,"minecraft:diamond_pickaxe":6,"decorative_blocks:crimson_palisade":5,"minecraft:diamond_shovel":1,"minecraft:villager_spawn_egg":4,"decorative_blocks:chain":10,"minecraft:grass_block":1,"minecraft:bread":3,"minecraft:lectern":52,"quark:diorite_pillar":87,"quark:matrix_enchanter":1,"minecraft:crimson_planks":1,"chipped:quartz_block_18":2,"minecraft:bedrock":18,"minecraft:diamond_sword":8,"minecraft:porkchop":2,"quark:birch_bookshelf":35,"minecraft:white_stained_glass_pane":2,"minecraft:grindstone":1,"minecraft:furnace":2,"minecraft:cooked_porkchop":1,"minecraft:smithing_table":2,"minecraft:podzol":6,"decorative_blocks:brazier":9,"comforts:sleeping_bag_white":4,"crumbs:oak_barrel":129},"minecraft:killed_by":{"hunterillager:hunterillager":1},"minecraft:killed":{"hunterillager:hunterillager":2,"minecraft:villager":2}},"DataVersion":2586}