{"stats":{"minecraft:mined":{"minecraft:dark_oak_planks":1,"minecraft:red_bed":2,"minecraft:jungle_slab":1,"minecraft:wall_torch":1,"minecraft:grass":1,"minecraft:crimson_planks":1,"minecraft:stone":66,"minecraft:spruce_slab":1},"minecraft:picked_up":{"aquaculture:synodontis":1,"minecraft:diamond_sword":1,"minecraft:crimson_planks":1,"minecraft:red_bed":2,"minecraft:wooden_sword":1,"minecraft:bone":4,"aquaculture:pink_salmon":1,"minecraft:wheat_seeds":6,"ftbquests:book":1,"minecraft:iron_ingot":87,"aquaculture:pollock":1,"quark:root_item":1,"minecraft:iron_pickaxe":1,"minecraft:spruce_slab":1,"minecraft:torch":2,"minecraft:porkchop":2,"alexsmobs:animal_dictionary":1,"minecraft:jungle_slab":1,"minecraft:barrel":3,"aquaculture:boulti":1,"minecraft:dark_oak_planks":1,"minecraft:diamond":1,"minecraft:gold_ingot":29,"minecraft:emerald":6,"minecraft:bread":3,"minecraft:coal":2,"minecraft:cod":5,"minecraft:cobblestone":66},"minecraft:dropped":{"minecraft:iron_ingot":87,"minecraft:bread":3,"minecraft:diamond_axe":1,"alexsmobs:animal_dictionary":1,"minecraft:diamond":1,"minecraft:diamond_leggings":1,"minecraft:emerald":6,"minecraft:diamond_sword":2,"minecraft:diamond_chestplate":1,"minecraft:diamond_pickaxe":1,"minecraft:diamond_helmet":1,"minecraft:diamond_boots":1,"minecraft:iron_pickaxe":2,"ftbquests:book":1,"minecraft:gold_ingot":29,"dragonmounts:ghost_dragon_egg":1},"minecraft:custom":{"minecraft:mob_kills":2,"minecraft:interact_with_anvil":1,"minecraft:tune_noteblock":1,"minecraft:open_barrel":44,"minecraft:play_one_minute":141448,"minecraft:interact_with_grindstone":1,"minecraft:leave_game":1,"minecraft:time_since_death":127649,"minecraft:climb_one_cm":2966,"minecraft:time_since_rest":127675,"minecraft:sprint_one_cm":202626,"minecraft:damage_taken":862,"minecraft:walk_one_cm":237558,"minecraft:trigger_trapped_chest":1,"minecraft:drop":20,"minecraft:damage_dealt":607,"minecraft:swim_one_cm":3942,"minecraft:talked_to_villager":2,"minecraft:fly_one_cm":262389,"minecraft:open_chest":5,"minecraft:crouch_one_cm":16636,"minecraft:deaths":1,"minecraft:sneak_time":6130,"minecraft:walk_under_water_one_cm":4700,"minecraft:jump":603,"minecraft:walk_on_water_one_cm":5166,"minecraft:enchant_item":14,"minecraft:fall_one_cm":4150},"minecraft:used":{"minecraft:enchanting_table":2,"theabyss:aboranys_pickaxe":61,"chipped:nether_bricks_15":2,"theabyss:aberythe_pickaxe":6,"minecraft:armor_stand":4,"minecraft:spruce_slab":1,"minecraft:stone":639,"minecraft:iron_sword":9,"chipped:stone_16":119,"atmospheric:aspen_bookshelf":23,"adorn:warped_bench":4,"decorative_blocks_abnormals:ender_brazier":1,"quark:spruce_bookshelf":6,"minecraft:torch":18,"quark:chiseled_andesite_bricks":110,"minecraft:dirt":507,"atmospheric:crustose_wood":2,"minecraft:anvil":1,"quark:spruce_trapped_chest":9,"chipped:dark_oak_planks_8":167,"mowziesmobs:wroughtnaut_spawn_egg":1,"minecraft:red_bed":2,"minecraft:jungle_slab":1,"decorative_blocks:chandelier":7,"minecraft:dark_oak_planks":1,"minecraft:diamond_shovel":1,"decorative_blocks:crimson_palisade":5,"minecraft:villager_spawn_egg":1,"decorative_blocks:chain":10,"minecraft:bread":3,"minecraft:lectern":3,"quark:diorite_pillar":87,"quark:matrix_enchanter":1,"minecraft:crimson_planks":1,"minecraft:bedrock":18,"chipped:quartz_block_18":2,"minecraft:diamond_sword":1,"quark:birch_bookshelf":35,"minecraft:porkchop":2,"minecraft:grindstone":1,"minecraft:podzol":6,"decorative_blocks:brazier":9,"comforts:sleeping_bag_white":2,"crumbs:oak_barrel":129},"minecraft:killed_by":{"hunterillager:hunterillager":1},"minecraft:killed":{"hunterillager:hunterillager":2}},"DataVersion":2586}