{"stats":{"minecraft:mined":{"minecraft:dark_oak_planks":1,"minecraft:spruce_planks":1,"minecraft:jungle_slab":1,"minecraft:chiseled_polished_blackstone":1,"comforts:sleeping_bag_white":1,"minecraft:black_glazed_terracotta":1,"minecraft:fire":3,"minecraft:gold_block":1,"minecraft:stone":67,"minecraft:spruce_slab":1,"minecraft:blackstone":1,"minecraft:red_bed":2,"minecraft:oak_planks":1,"byg:magmatic_stone":1,"minecraft:wall_torch":1,"minecraft:spruce_stairs":2,"minecraft:spruce_log":17,"minecraft:grass":28,"minecraft:crimson_planks":1,"minecraft:stone_bricks":5,"minecraft:spruce_fence_gate":2},"minecraft:picked_up":{"aquaculture:synodontis":1,"minecraft:ladder":1,"minecraft:diamond_sword":2,"minecraft:gold_block":1,"minecraft:crimson_planks":1,"minecraft:red_bed":2,"minecraft:wooden_sword":1,"aquaculture:pink_salmon":1,"minecraft:gold_nugget":2,"minecraft:black_glazed_terracotta":1,"comforts:sleeping_bag_white":1,"minecraft:spruce_planks":15,"cnb:yeti_antler":1,"minecraft:iron_pickaxe":1,"quark:root_item":1,"minecraft:spruce_slab":1,"minecraft:chest":1,"minecraft:stick":6,"dragonmounts:aether_dragon_egg":63,"bygonenether:cobbled_blackstone":18,"minecraft:torch":2,"minecraft:spruce_stairs":11,"cnb:cindershell_shell_shard":1,"minecraft:porkchop":2,"minecraft:redstone":1,"minecraft:dark_oak_planks":1,"minecraft:quartz_block":1,"minecraft:arrow":8,"minecraft:weeping_vines":3,"minecraft:rotten_flesh":10,"architects_palette:withered_bone":2,"minecraft:gold_ingot":29,"minecraft:netherite_chestplate":1,"minecraft:blaze_rod":2,"minecraft:cod":5,"minecraft:cobblestone":67,"minecraft:netherite_boots":1,"cnb:yeti_hide":3,"minecraft:red_mushroom":1,"minecraft:cobblestone_stairs":1,"minecraft:netherite_leggings":1,"minecraft:bone":4,"minecraft:stone_bricks":4,"minecraft:wheat_seeds":9,"ftbquests:book":2,"minecraft:iron_ingot":87,"aquaculture:pollock":1,"minecraft:oak_planks":2,"minecraft:oak_slab":16,"minecraft:chiseled_polished_blackstone":1,"minecraft:quartz":2,"chipped:dark_oak_planks_8":1,"minecraft:stripped_spruce_log":1,"minecraft:spruce_sapling":2,"minecraft:spruce_log":17,"byg:magmatic_stone":1,"minecraft:jungle_slab":1,"minecraft:barrel":3,"minecraft:spruce_door":4,"alexsmobs:animal_dictionary":2,"aquaculture:boulti":1,"minecraft:spruce_fence_gate":2,"minecraft:diamond":1,"minecraft:netherite_helmet":1,"minecraft:diamond_axe":1,"minecraft:bread":3,"minecraft:emerald":6,"minecraft:coal":2,"minecraft:diamond_pickaxe":1},"minecraft:dropped":{"minecraft:iron_ingot":87,"minecraft:bread":3,"minecraft:stripped_spruce_log":1,"minecraft:oak_slab":16,"minecraft:diamond_axe":2,"minecraft:diamond":1,"minecraft:diamond_leggings":1,"minecraft:netherite_chestplate":1,"minecraft:netherite_helmet":1,"minecraft:cobblestone":1,"minecraft:spruce_door":2,"minecraft:spruce_stairs":11,"minecraft:red_mushroom":1,"minecraft:cobblestone_stairs":1,"minecraft:spruce_fence_gate":2,"minecraft:emerald":6,"bygonenether:cobbled_blackstone":18,"backpacked:backpack":1,"minecraft:netherite_boots":1,"minecraft:diamond_helmet":1,"minecraft:iron_pickaxe":2,"ftbquests:book":2,"minecraft:gold_ingot":29,"dragonmounts:ghost_dragon_egg":1,"minecraft:chiseled_polished_blackstone":1,"alexsmobs:animal_dictionary":2,"minecraft:obsidian":1,"dragonmounts:aether_dragon_egg":64,"minecraft:salmon":1,"chipped:dark_oak_planks_8":1,"minecraft:netherite_leggings":1,"minecraft:black_glazed_terracotta":1,"minecraft:diamond_sword":3,"minecraft:diamond_chestplate":1,"minecraft:spruce_planks":15,"minecraft:diamond_pickaxe":2,"minecraft:quartz_block":1,"minecraft:chest":1,"minecraft:ladder":1,"minecraft:stone_bricks":4,"minecraft:diamond_boots":1,"minecraft:quartz":2},"minecraft:used":{"minecraft:oak_fence":1,"minecraft:enchanting_table":2,"minecraft:flint_and_steel":3,"theabyss:aberythe_pickaxe":6,"minecraft:armor_stand":4,"minecraft:spruce_slab":1,"minecraft:stone":647,"minecraft:iron_sword":9,"dragonmounts:aether_dragon_egg":1,"quark:spruce_bookshelf":6,"decorative_blocks_abnormals:ender_brazier":1,"minecraft:torch":18,"quark:chiseled_andesite_bricks":110,"minecraft:dirt":507,"minecraft:anvil":1,"cnb:sporeling_crimson_fungus_egg":1,"chipped:dark_oak_planks_8":188,"mowziesmobs:wroughtnaut_spawn_egg":1,"minecraft:jungle_slab":1,"cnb:cindershell_spawn_egg":1,"darkerdepths:stone_brick_pillar":3,"minecraft:spruce_fence":36,"minecraft:obsidian":13,"cnb:sporeling_overworld_brown_egg":1,"minecraft:dark_oak_planks":1,"decorative_blocks:crimson_palisade":5,"minecraft:villager_spawn_egg":4,"minecraft:grass_block":1,"carryon:entity_item":2,"minecraft:crimson_planks":1,"quark:diorite_pillar":87,"chipped:quartz_block_18":2,"minecraft:bedrock":18,"quark:birch_bookshelf":35,"minecraft:furnace":2,"minecraft:white_stained_glass_pane":2,"minecraft:podzol":6,"cnb:lizard_item_0":1,"comforts:sleeping_bag_white":4,"cnb:sporeling_overworld_red_egg":1,"theabyss:aboranys_pickaxe":61,"chipped:nether_bricks_15":2,"cnb:sporeling_nether_brown_egg":1,"minecraft:oak_planks":1,"chipped:stone_16":119,"atmospheric:aspen_bookshelf":23,"minecraft:diamond_axe":7,"adorn:warped_bench":4,"cnb:lilytad_spawn_egg":1,"minecraft:salmon":8,"atmospheric:crustose_wood":2,"quark:spruce_trapped_chest":9,"minecraft:red_bed":2,"minecraft:blast_furnace":2,"cnb:sporeling_warped_fungi_egg":1,"minecraft:white_bed":1,"minecraft:lingering_potion":1,"decorative_blocks:chandelier":7,"minecraft:spruce_log":17,"minecraft:diamond_pickaxe":12,"minecraft:diamond_shovel":1,"decorative_blocks:chain":10,"cnb:yeti_spawn_egg":1,"minecraft:bread":11,"minecraft:lectern":52,"quark:matrix_enchanter":1,"minecraft:diamond_sword":65,"minecraft:cooked_porkchop":1,"minecraft:grindstone":1,"minecraft:porkchop":2,"minecraft:smithing_table":2,"alexsmobs:animal_dictionary":2,"decorative_blocks:brazier":9,"crumbs:oak_barrel":129},"minecraft:killed_by":{"hunterillager:hunterillager":1},"minecraft:crafted":{"minecraft:enchanted_book":6,"minecraft:air":0},"minecraft:killed":{"minecraft:skeleton":1,"hunterillager:hunterillager":2,"cnb:lilytad":1,"cnb:yeti":1,"cnb:neutral_sporeling":2,"cnb:hostile_sporeling":1,"cnb:friendly_sporeling":2,"minecraft:wither_skeleton":1,"minecraft:villager":2,"minecraft:blaze":8,"cnb:cindershell":1},"minecraft:custom":{"minecraft:interact_with_smithing_table":1,"minecraft:mob_kills":22,"minecraft:interact_with_anvil":1,"minecraft:open_barrel":53,"minecraft:leave_game":4,"minecraft:time_since_death":8109,"minecraft:climb_one_cm":3052,"minecraft:sprint_one_cm":303425,"minecraft:walk_one_cm":318234,"minecraft:drop":51,"minecraft:talked_to_villager":64,"minecraft:deaths":2,"minecraft:sneak_time":8102,"minecraft:walk_under_water_one_cm":5471,"minecraft:jump":951,"minecraft:interact_with_blast_furnace":1,"minecraft:walk_on_water_one_cm":5225,"minecraft:enchant_item":39,"minecraft:traded_with_villager":6,"minecraft:tune_noteblock":1,"minecraft:play_one_minute":268916,"minecraft:interact_with_grindstone":16,"minecraft:time_since_rest":8141,"minecraft:damage_taken":1651,"minecraft:trigger_trapped_chest":3,"minecraft:damage_dealt":6177,"minecraft:swim_one_cm":3942,"minecraft:fly_one_cm":1476557,"minecraft:open_chest":12,"minecraft:crouch_one_cm":18304,"minecraft:fall_one_cm":8662}},"DataVersion":2586}