{"stats":{"minecraft:crafted":{"minecraft:enchanted_book":6,"minecraft:air":0},"minecraft:mined":{"minecraft:dark_oak_planks":1,"minecraft:red_bed":2,"minecraft:jungle_slab":1,"minecraft:wall_torch":1,"comforts:sleeping_bag_white":1,"minecraft:spruce_log":17,"minecraft:grass":21,"minecraft:crimson_planks":1,"minecraft:stone":66,"minecraft:spruce_slab":1},"minecraft:picked_up":{"aquaculture:synodontis":1,"minecraft:diamond_sword":1,"minecraft:crimson_planks":1,"minecraft:red_bed":2,"minecraft:wooden_sword":1,"minecraft:bone":4,"aquaculture:pink_salmon":1,"minecraft:wheat_seeds":7,"comforts:sleeping_bag_white":1,"ftbquests:book":1,"minecraft:iron_ingot":87,"aquaculture:pollock":1,"quark:root_item":1,"minecraft:iron_pickaxe":1,"minecraft:spruce_slab":1,"minecraft:oak_planks":1,"minecraft:stick":6,"dragonmounts:aether_dragon_egg":63,"minecraft:torch":2,"minecraft:porkchop":2,"minecraft:spruce_sapling":2,"minecraft:spruce_log":17,"alexsmobs:animal_dictionary":1,"minecraft:jungle_slab":1,"minecraft:barrel":3,"aquaculture:boulti":1,"minecraft:dark_oak_planks":1,"minecraft:diamond":1,"minecraft:gold_ingot":29,"minecraft:emerald":6,"minecraft:bread":3,"minecraft:coal":2,"minecraft:cod":5,"minecraft:cobblestone":66},"minecraft:dropped":{"minecraft:iron_ingot":87,"minecraft:bread":3,"minecraft:diamond_axe":1,"alexsmobs:animal_dictionary":1,"minecraft:diamond":1,"minecraft:diamond_leggings":1,"dragonmounts:aether_dragon_egg":64,"minecraft:emerald":6,"minecraft:diamond_sword":2,"minecraft:diamond_chestplate":1,"minecraft:diamond_pickaxe":1,"backpacked:backpack":1,"minecraft:diamond_helmet":1,"minecraft:diamond_boots":1,"minecraft:iron_pickaxe":2,"ftbquests:book":1,"minecraft:gold_ingot":29,"dragonmounts:ghost_dragon_egg":1},"minecraft:custom":{"minecraft:mob_kills":4,"minecraft:interact_with_anvil":1,"minecraft:traded_with_villager":6,"minecraft:tune_noteblock":1,"minecraft:open_barrel":45,"minecraft:play_one_minute":159448,"minecraft:interact_with_grindstone":9,"minecraft:leave_game":1,"minecraft:time_since_death":145649,"minecraft:climb_one_cm":2966,"minecraft:time_since_rest":145675,"minecraft:sprint_one_cm":230118,"minecraft:damage_taken":872,"minecraft:walk_one_cm":277429,"minecraft:trigger_trapped_chest":1,"minecraft:drop":22,"minecraft:damage_dealt":1008,"minecraft:swim_one_cm":3942,"minecraft:talked_to_villager":62,"minecraft:fly_one_cm":280008,"minecraft:open_chest":5,"minecraft:crouch_one_cm":17163,"minecraft:deaths":1,"minecraft:sneak_time":6357,"minecraft:walk_under_water_one_cm":4700,"minecraft:jump":674,"minecraft:walk_on_water_one_cm":5166,"minecraft:enchant_item":28,"minecraft:fall_one_cm":4150},"minecraft:used":{"minecraft:oak_fence":1,"minecraft:enchanting_table":2,"theabyss:aboranys_pickaxe":61,"chipped:nether_bricks_15":2,"theabyss:aberythe_pickaxe":6,"minecraft:armor_stand":4,"minecraft:spruce_slab":1,"minecraft:stone":647,"minecraft:iron_sword":9,"chipped:stone_16":119,"dragonmounts:aether_dragon_egg":1,"atmospheric:aspen_bookshelf":23,"minecraft:diamond_axe":1,"adorn:warped_bench":4,"decorative_blocks_abnormals:ender_brazier":1,"quark:spruce_bookshelf":6,"minecraft:salmon":5,"minecraft:torch":18,"quark:chiseled_andesite_bricks":110,"minecraft:dirt":507,"atmospheric:crustose_wood":2,"minecraft:anvil":1,"quark:spruce_trapped_chest":9,"chipped:dark_oak_planks_8":188,"mowziesmobs:wroughtnaut_spawn_egg":1,"minecraft:red_bed":2,"minecraft:jungle_slab":1,"darkerdepths:stone_brick_pillar":3,"minecraft:white_bed":1,"minecraft:spruce_fence":36,"decorative_blocks:chandelier":7,"minecraft:spruce_log":17,"minecraft:dark_oak_planks":1,"minecraft:diamond_shovel":1,"decorative_blocks:crimson_palisade":5,"minecraft:villager_spawn_egg":4,"decorative_blocks:chain":10,"minecraft:grass_block":1,"minecraft:bread":3,"minecraft:lectern":52,"quark:diorite_pillar":87,"quark:matrix_enchanter":1,"minecraft:crimson_planks":1,"minecraft:bedrock":18,"chipped:quartz_block_18":2,"minecraft:diamond_sword":8,"minecraft:cooked_porkchop":1,"quark:birch_bookshelf":35,"minecraft:porkchop":2,"minecraft:grindstone":1,"minecraft:white_stained_glass_pane":2,"minecraft:podzol":6,"decorative_blocks:brazier":9,"comforts:sleeping_bag_white":4,"crumbs:oak_barrel":129},"minecraft:killed_by":{"hunterillager:hunterillager":1},"minecraft:killed":{"hunterillager:hunterillager":2,"minecraft:villager":2}},"DataVersion":2586}