{"stats":{"minecraft:mined":{"minecraft:dirt":2},"minecraft:custom":{"minecraft:jump":53,"minecraft:open_chest":4,"minecraft:time_since_rest":8780,"minecraft:crouch_one_cm":67,"minecraft:play_one_minute":20213,"minecraft:sprint_one_cm":11089,"minecraft:time_since_death":20213,"minecraft:walk_one_cm":3821,"minecraft:sleep_in_bed":2,"minecraft:sneak_time":50,"minecraft:climb_one_cm":772,"minecraft:trigger_trapped_chest":1,"minecraft:fall_one_cm":1521,"minecraft:fly_one_cm":10767,"minecraft:open_barrel":3}},"DataVersion":2586}