{"stats":{"minecraft:crafted":{"minecraft:oak_planks":16},"minecraft:mined":{"minecraft:spruce_planks":3,"minecraft:dark_oak_log":3,"minecraft:grass_block":1,"minecraft:white_stained_glass_pane":4,"minecraft:cobblestone":2,"minecraft:spruce_leaves":4,"minecraft:oak_planks":2,"byg:holly_berry_leaves":1,"comforts:sleeping_bag_white":1,"minecraft:hay_block":3,"minecraft:spruce_log":125,"minecraft:grass":4,"minecraft:oak_log":4,"minecraft:gravel":5,"minecraft:dirt":182,"minecraft:stone":288,"minecraft:stone_bricks":1,"quark:chiseled_andesite_bricks":6,"minecraft:oak_leaves":2},"minecraft:picked_up":{"minecraft:diamond_sword":2,"backpacked:backpack":1,"minecraft:oak_log":4,"dragonmounts:ghost_dragon_egg":1,"minecraft:dirt":178,"minecraft:stone_bricks":1,"minecraft:diamond_leggings":1,"aquaculture:bluegill":2,"quark:chiseled_andesite_bricks":6,"comforts:sleeping_bag_white":1,"minecraft:iron_ingot":1,"minecraft:diamond_helmet":1,"byg:holly_berries":2,"aquaculture:minnow":1,"minecraft:iron_pickaxe":3,"minecraft:oak_planks":1,"minecraft:stick":11,"dragonmounts:aether_dragon_egg":112,"minecraft:gravel":13,"minecraft:spruce_sapling":27,"minecraft:spruce_log":121,"minecraft:diamond_chestplate":1,"minecraft:diamond":1,"minecraft:diamond_boots":1,"minecraft:hay_block":3,"minecraft:diamond_axe":1,"minecraft:oak_sapling":2,"minecraft:cobblestone":288,"minecraft:diamond_pickaxe":1},"minecraft:dropped":{"minecraft:gravel":9,"minecraft:iron_ingot":1,"minecraft:diamond":1,"dragonmounts:aether_dragon_egg":111,"minecraft:cobblestone":242,"minecraft:diamond_sword":1,"minecraft:dirt":177,"minecraft:oak_sapling":2,"minecraft:iron_pickaxe":4},"minecraft:custom":{"minecraft:mob_kills":3,"minecraft:open_barrel":11,"minecraft:play_one_minute":74213,"minecraft:interact_with_grindstone":2,"minecraft:climb_one_cm":1744,"minecraft:time_since_death":35551,"minecraft:sleep_in_bed":2,"minecraft:time_since_rest":35612,"minecraft:sprint_one_cm":100060,"minecraft:damage_taken":966,"minecraft:walk_one_cm":106327,"minecraft:trigger_trapped_chest":4,"minecraft:drop":24,"minecraft:damage_dealt":90,"minecraft:talked_to_villager":1,"minecraft:fly_one_cm":32041,"minecraft:open_chest":5,"minecraft:crouch_one_cm":1537,"minecraft:deaths":1,"minecraft:sneak_time":1252,"minecraft:walk_under_water_one_cm":917,"minecraft:jump":248,"minecraft:walk_on_water_one_cm":2874,"minecraft:fall_one_cm":7891},"minecraft:used":{"minecraft:oak_planks":6,"dragonmounts:aether_dragon_egg":1,"minecraft:diamond_axe":21,"quark:chiseled_andesite_bricks":1,"minecraft:dirt":1,"minecraft:spruce_log":125,"minecraft:diamond_pickaxe":94,"minecraft:iron_pickaxe":207,"byg:holly_sapling":1,"minecraft:diamond_sword":51,"minecraft:cobblestone":46,"minecraft:cooked_beef":6,"dragonmounts:ghost_dragon_egg":1},"minecraft:killed":{"aquaculture:bluegill":2,"aquaculture:minnow":1},"minecraft:killed_by":{"mowziesmobs:ferrous_wroughtnaut":1}},"DataVersion":2586}