{"stats":{"minecraft:crafted":{"minecraft:oak_planks":16,"minecraft:torch":40},"minecraft:mined":{"minecraft:dark_oak_planks":4,"minecraft:spruce_planks":6,"minecraft:dark_oak_log":3,"minecraft:grass_block":1,"minecraft:spruce_fence":7,"minecraft:white_stained_glass_pane":4,"minecraft:cobblestone":3,"minecraft:spruce_leaves":4,"minecraft:oak_planks":4,"byg:holly_berry_leaves":1,"minecraft:spruce_stairs":1,"comforts:sleeping_bag_white":1,"minecraft:hay_block":3,"minecraft:spruce_log":125,"minecraft:birch_leaves":28,"minecraft:stripped_spruce_log":6,"minecraft:dark_oak_stairs":12,"minecraft:grass":16,"minecraft:oak_log":4,"minecraft:gravel":5,"minecraft:dirt":183,"minecraft:stone":356,"minecraft:stone_bricks":1,"quark:chiseled_andesite_bricks":6,"minecraft:oak_leaves":2,"minecraft:spruce_slab":3},"minecraft:picked_up":{"minecraft:diamond_sword":2,"backpacked:backpack":1,"minecraft:oak_log":4,"dragonmounts:ghost_dragon_egg":1,"minecraft:dirt":179,"minecraft:lantern":1,"minecraft:stone_bricks":1,"minecraft:wheat_seeds":4,"minecraft:diamond_leggings":1,"aquaculture:bluegill":2,"minecraft:spruce_planks":3,"quark:chiseled_andesite_bricks":6,"comforts:sleeping_bag_white":2,"minecraft:iron_ingot":1,"minecraft:spruce_slab":3,"alexsmobs:raccoon_tail":1,"minecraft:diamond_helmet":1,"byg:holly_berries":2,"aquaculture:minnow":1,"minecraft:iron_pickaxe":3,"minecraft:oak_planks":2,"minecraft:dark_oak_stairs":10,"aquaculture:smallmouth_bass":7,"minecraft:stick":11,"dragonmounts:aether_dragon_egg":112,"minecraft:torch":1,"minecraft:spruce_fence":6,"minecraft:gravel":13,"minecraft:stripped_spruce_log":6,"minecraft:spruce_sapling":28,"minecraft:spruce_log":121,"minecraft:dark_oak_planks":4,"minecraft:diamond_chestplate":1,"minecraft:diamond":1,"minecraft:diamond_boots":1,"minecraft:hay_block":3,"minecraft:diamond_axe":1,"minecraft:oak_sapling":2,"minecraft:cobblestone":357,"minecraft:diamond_pickaxe":1},"minecraft:dropped":{"minecraft:gravel":9,"minecraft:iron_ingot":1,"minecraft:diamond":1,"dragonmounts:aether_dragon_egg":111,"minecraft:cobblestone":242,"minecraft:diamond_sword":1,"minecraft:dirt":177,"minecraft:oak_sapling":2,"minecraft:iron_pickaxe":4},"minecraft:custom":{"minecraft:mob_kills":13,"minecraft:open_barrel":13,"minecraft:play_one_minute":98213,"minecraft:interact_with_grindstone":2,"minecraft:climb_one_cm":1744,"minecraft:time_since_death":59551,"minecraft:sleep_in_bed":3,"minecraft:time_since_rest":1940,"minecraft:sprint_one_cm":139371,"minecraft:damage_taken":994,"minecraft:walk_one_cm":138468,"minecraft:trigger_trapped_chest":19,"minecraft:drop":24,"minecraft:damage_dealt":771,"minecraft:swim_one_cm":2520,"minecraft:talked_to_villager":2,"minecraft:fly_one_cm":70797,"minecraft:open_chest":5,"minecraft:crouch_one_cm":2084,"minecraft:deaths":1,"minecraft:sneak_time":1713,"minecraft:walk_under_water_one_cm":2413,"minecraft:jump":431,"minecraft:walk_on_water_one_cm":5412,"minecraft:fall_one_cm":12309},"minecraft:used":{"minecraft:oak_planks":8,"dragonmounts:aether_dragon_egg":1,"minecraft:diamond_axe":61,"minecraft:torch":5,"quark:chiseled_andesite_bricks":1,"minecraft:dirt":1,"minecraft:spruce_fence":1,"minecraft:spruce_log":125,"minecraft:obsidian":6,"minecraft:diamond_pickaxe":163,"minecraft:iron_pickaxe":207,"carryon:entity_item":1,"byg:holly_sapling":1,"minecraft:stone_bricks":1,"minecraft:diamond_sword":71,"minecraft:cobblestone":49,"comforts:sleeping_bag_white":1,"minecraft:cooked_beef":7,"dragonmounts:ghost_dragon_egg":1},"minecraft:killed":{"aquaculture:bluegill":2,"alexsmobs:raccoon":1,"aquaculture:smallmouth_bass":7,"aquaculture:minnow":1,"minecraft:zombie":2},"minecraft:killed_by":{"mowziesmobs:ferrous_wroughtnaut":1}},"DataVersion":2586}