{"stats":{"minecraft:mined":{"minecraft:grass":1,"minecraft:hay_block":3,"minecraft:grass_block":1,"minecraft:oak_log":4,"minecraft:white_stained_glass_pane":2,"minecraft:dirt":4,"minecraft:oak_leaves":2},"minecraft:picked_up":{"minecraft:diamond_chestplate":1,"minecraft:diamond_leggings":1,"minecraft:diamond_boots":1,"minecraft:hay_block":3,"minecraft:oak_log":4,"minecraft:diamond_helmet":1,"minecraft:oak_sapling":2,"dragonmounts:ghost_dragon_egg":1},"minecraft:custom":{"minecraft:open_barrel":10,"minecraft:time_since_rest":20780,"minecraft:open_chest":5,"minecraft:play_one_minute":32213,"minecraft:crouch_one_cm":433,"minecraft:sprint_one_cm":41193,"minecraft:damage_taken":9,"minecraft:walk_one_cm":13764,"minecraft:sneak_time":241,"minecraft:trigger_trapped_chest":3,"minecraft:jump":98,"minecraft:time_since_death":32213,"minecraft:sleep_in_bed":2,"minecraft:climb_one_cm":1427,"minecraft:fall_one_cm":2477,"minecraft:fly_one_cm":16854},"minecraft:used":{"minecraft:cooked_beef":1,"dragonmounts:ghost_dragon_egg":1}},"DataVersion":2586}