{"stats":{"minecraft:mined":{"minecraft:hay_block":3,"minecraft:grass":1,"minecraft:grass_block":1,"minecraft:oak_log":4,"minecraft:white_stained_glass_pane":2,"minecraft:gravel":3,"minecraft:dirt":116,"minecraft:cobblestone":1,"minecraft:stone":198,"quark:chiseled_andesite_bricks":4,"minecraft:oak_leaves":2},"minecraft:picked_up":{"minecraft:diamond_sword":2,"minecraft:gravel":3,"minecraft:oak_log":4,"dragonmounts:ghost_dragon_egg":1,"minecraft:dirt":112,"minecraft:diamond_chestplate":1,"minecraft:diamond":1,"minecraft:diamond_leggings":1,"quark:chiseled_andesite_bricks":4,"minecraft:diamond_boots":1,"minecraft:hay_block":3,"minecraft:iron_ingot":1,"minecraft:diamond_axe":1,"minecraft:iron_pickaxe":3,"minecraft:diamond_helmet":1,"minecraft:oak_sapling":2,"minecraft:cobblestone":199,"minecraft:diamond_pickaxe":1},"minecraft:dropped":{"minecraft:diamond_sword":1,"minecraft:iron_ingot":1,"minecraft:diamond":1,"minecraft:iron_pickaxe":2},"minecraft:custom":{"minecraft:time_since_rest":17612,"minecraft:sprint_one_cm":59298,"minecraft:damage_taken":964,"minecraft:walk_one_cm":69335,"minecraft:trigger_trapped_chest":4,"minecraft:drop":5,"minecraft:talked_to_villager":1,"minecraft:fly_one_cm":22423,"minecraft:open_barrel":11,"minecraft:open_chest":5,"minecraft:crouch_one_cm":1537,"minecraft:play_one_minute":56213,"minecraft:deaths":1,"minecraft:sneak_time":1204,"minecraft:jump":143,"minecraft:time_since_death":17551,"minecraft:sleep_in_bed":2,"minecraft:climb_one_cm":1427,"minecraft:fall_one_cm":7055},"minecraft:used":{"minecraft:iron_pickaxe":207,"minecraft:diamond_sword":43,"minecraft:cobblestone":46,"minecraft:cooked_beef":4,"dragonmounts:ghost_dragon_egg":1},"minecraft:killed_by":{"mowziesmobs:ferrous_wroughtnaut":1}},"DataVersion":2586}