{"stats":{"minecraft:crafted":{"minecraft:oak_planks":16,"minecraft:torch":40},"minecraft:mined":{"minecraft:dark_oak_planks":22,"minecraft:oak_slab":27,"minecraft:spruce_planks":132,"minecraft:cobblestone_stairs":4,"minecraft:dark_oak_log":3,"minecraft:spruce_door":1,"minecraft:crafting_table":1,"minecraft:spruce_trapdoor":5,"minecraft:grass_block":1,"minecraft:spruce_fence":10,"minecraft:chest":1,"minecraft:white_stained_glass_pane":4,"minecraft:campfire":1,"minecraft:cobblestone":26,"minecraft:spruce_leaves":4,"minecraft:oak_planks":45,"byg:holly_berry_leaves":1,"minecraft:spruce_stairs":119,"comforts:sleeping_bag_white":1,"minecraft:hay_block":3,"minecraft:mossy_cobblestone_stairs":1,"minecraft:dark_oak_trapdoor":3,"minecraft:spruce_log":125,"minecraft:birch_leaves":39,"minecraft:stripped_spruce_log":69,"minecraft:pumpkin":1,"minecraft:potted_poppy":1,"minecraft:dark_oak_stairs":85,"minecraft:grass":16,"minecraft:bookshelf":8,"minecraft:oak_log":4,"minecraft:gravel":5,"minecraft:dirt":183,"chipped:dark_oak_planks_8":1,"minecraft:spruce_fence_gate":5,"minecraft:stone":356,"minecraft:stone_bricks":12,"quark:chiseled_andesite_bricks":6,"minecraft:oak_leaves":2,"minecraft:spruce_slab":21},"minecraft:picked_up":{"minecraft:diamond_sword":2,"backpacked:backpack":1,"minecraft:oak_log":4,"minecraft:dark_oak_trapdoor":3,"dragonmounts:ghost_dragon_egg":1,"minecraft:dirt":179,"minecraft:lantern":4,"minecraft:stone_bricks":8,"minecraft:wheat_seeds":4,"minecraft:diamond_leggings":1,"aquaculture:bluegill":2,"minecraft:spruce_planks":67,"quark:chiseled_andesite_bricks":6,"comforts:sleeping_bag_white":2,"minecraft:iron_ingot":1,"minecraft:spruce_slab":22,"alexsmobs:raccoon_tail":1,"minecraft:diamond_helmet":1,"byg:holly_berries":2,"aquaculture:minnow":1,"minecraft:iron_pickaxe":3,"minecraft:oak_planks":42,"minecraft:spruce_trapdoor":3,"minecraft:dark_oak_stairs":64,"minecraft:book":24,"aquaculture:smallmouth_bass":7,"minecraft:stick":11,"dragonmounts:aether_dragon_egg":112,"minecraft:torch":2,"minecraft:spruce_stairs":66,"minecraft:spruce_fence":9,"minecraft:gravel":13,"minecraft:stripped_spruce_log":60,"minecraft:spruce_sapling":28,"minecraft:spruce_log":121,"minecraft:dark_oak_planks":15,"minecraft:spruce_fence_gate":2,"minecraft:diamond_chestplate":1,"minecraft:diamond":1,"minecraft:diamond_boots":1,"minecraft:hay_block":3,"minecraft:diamond_axe":1,"minecraft:oak_sapling":2,"minecraft:cobblestone":380,"minecraft:diamond_pickaxe":1},"minecraft:dropped":{"minecraft:gravel":9,"minecraft:iron_ingot":1,"minecraft:diamond":1,"dragonmounts:aether_dragon_egg":111,"minecraft:cobblestone":242,"minecraft:diamond_sword":1,"minecraft:dirt":177,"minecraft:spruce_planks":2,"minecraft:oak_sapling":2,"minecraft:arrow":8,"minecraft:iron_pickaxe":4},"minecraft:custom":{"minecraft:mob_kills":13,"minecraft:open_barrel":13,"minecraft:play_one_minute":110213,"minecraft:interact_with_grindstone":2,"minecraft:climb_one_cm":2476,"minecraft:time_since_death":71551,"minecraft:sleep_in_bed":3,"minecraft:time_since_rest":13940,"minecraft:sprint_one_cm":142090,"minecraft:damage_taken":1129,"minecraft:walk_one_cm":166240,"minecraft:trigger_trapped_chest":19,"minecraft:drop":26,"minecraft:damage_dealt":771,"minecraft:swim_one_cm":2520,"minecraft:talked_to_villager":2,"minecraft:fly_one_cm":73204,"minecraft:open_chest":5,"minecraft:crouch_one_cm":4030,"minecraft:deaths":1,"minecraft:sneak_time":2859,"minecraft:walk_under_water_one_cm":2413,"minecraft:jump":535,"minecraft:walk_on_water_one_cm":5412,"minecraft:fall_one_cm":15921},"minecraft:used":{"minecraft:oak_planks":8,"minecraft:spruce_planks":1,"dragonmounts:aether_dragon_egg":1,"minecraft:spruce_fence_gate":2,"minecraft:diamond_axe":587,"minecraft:torch":5,"quark:chiseled_andesite_bricks":1,"minecraft:dirt":1,"minecraft:spruce_stairs":2,"minecraft:spruce_fence":1,"minecraft:spruce_log":125,"minecraft:obsidian":6,"minecraft:diamond_pickaxe":202,"minecraft:iron_pickaxe":207,"carryon:entity_item":1,"byg:holly_sapling":1,"minecraft:stone_bricks":1,"minecraft:diamond_sword":71,"minecraft:cobblestone":49,"comforts:sleeping_bag_white":1,"minecraft:cooked_beef":7,"dragonmounts:ghost_dragon_egg":1},"minecraft:killed":{"aquaculture:bluegill":2,"alexsmobs:raccoon":1,"aquaculture:smallmouth_bass":7,"aquaculture:minnow":1,"minecraft:zombie":2},"minecraft:killed_by":{"mowziesmobs:ferrous_wroughtnaut":1}},"DataVersion":2586}