{
  "decorative_blocks:recipes/decorations/rocky_dirt": {
    "criteria": {
      "has_dirt": "2024-09-22 17:10:30 +0000"
    },
    "done": true
  },
  "adorn:recipes/jungle_platform": {
    "criteria": {
      "has_key_item_0": "2024-09-22 17:01:16 +0000"
    },
    "done": true
  },
  "adorn:recipes/dark_oak_kitchen_counter": {
    "criteria": {
      "has_key_item_0": "2024-09-22 17:01:11 +0000"
    },
    "done": true
  },
  "minecraft:recipes/redstone/lever": {
    "criteria": {
      "has_cobblestone": "2024-09-22 17:12:29 +0000"
    },
    "done": true
  },
  "minecraft:recipes/building_blocks/cobblestone_stairs_from_cobblestone_stonecutting": {
    "criteria": {
      "has_cobblestone": "2024-09-22 17:12:29 +0000"
    },
    "done": true
  },
  "minecraft:recipes/combat/iron_sword": {
    "criteria": {
      "has_iron_ingot": "2024-09-22 17:01:24 +0000"
    },
    "done": true
  },
  "morevillagers:first_village": {
    "criteria": {
      "village": "2024-09-22 16:56:55 +0000"
    },
    "done": true
  },
  "minecraft:recipes/building_blocks/stone_bricks": {
    "criteria": {
      "has_stone": "2024-09-22 17:07:53 +0000"
    },
    "done": true
  },
  "naturescompass:natures_compass": {
    "criteria": {
      "has_recipe": "2024-09-22 16:59:15 +0000"
    },
    "done": true
  },
  "adorn:recipes/spruce_coffee_table": {
    "criteria": {
      "has_key_item_0": "2024-09-22 17:00:55 +0000"
    },
    "done": true
  },
  "betterendforge:recipes/betterendforge/iron_chandelier": {
    "criteria": {
      "has_iron_ingot": "2024-09-22 17:01:24 +0000"
    },
    "done": true
  },
  "minecraft:recipes/tools/iron_pickaxe": {
    "criteria": {
      "has_iron_ingot": "2024-09-22 17:01:24 +0000"
    },
    "done": true
  },
  "immersivecooking:recipes/immersivecooking/stove_hood": {
    "criteria": {
      "has_iron": "2024-09-22 17:01:24 +0000"
    },
    "done": true
  },
  "minecraft:recipes/decorations/crafting_table": {
    "criteria": {
      "has_planks": "2024-09-22 17:01:04 +0000"
    },
    "done": true
  },
  "minecraft:recipes/decorations/campfire": {
    "criteria": {
      "has_coal": "2024-09-22 17:07:31 +0000"
    },
    "done": true
  },
  "minecraft:recipes/tools/golden_hoe": {
    "criteria": {
      "has_gold_ingot": "2024-09-22 17:01:24 +0000"
    },
    "done": true
  },
  "minecraft:recipes/building_blocks/smooth_stone": {
    "criteria": {
      "has_stone": "2024-09-22 17:07:53 +0000"
    },
    "done": true
  },
  "minecraft:recipes/building_blocks/dark_oak_slab": {
    "criteria": {
      "has_planks": "2024-09-22 17:01:11 +0000"
    },
    "done": true
  },
  "minecraft:recipes/misc/iron_nugget": {
    "criteria": {
      "has_iron_ingot": "2024-09-22 17:01:24 +0000"
    },
    "done": true
  },
  "minecraft:recipes/decorations/chest": {
    "criteria": {
      "has_lots_of_items": "2024-09-22 17:01:24 +0000"
    },
    "done": true
  },
  "minecraft:recipes/combat/golden_sword": {
    "criteria": {
      "has_gold_ingot": "2024-09-22 17:01:24 +0000"
    },
    "done": true
  },
  "minecraft:recipes/building_blocks/stone_slab_from_stone_stonecutting": {
    "criteria": {
      "has_stone": "2024-09-22 17:07:53 +0000"
    },
    "done": true
  },
  "minecraft:recipes/building_blocks/chiseled_stone_bricks_stone_from_stonecutting": {
    "criteria": {
      "has_stone": "2024-09-22 17:07:53 +0000"
    },
    "done": true
  },
  "decorative_blocks:recipes/decorations/dark_oak_support": {
    "criteria": {
      "has_plank": "2024-09-22 17:01:11 +0000"
    },
    "done": true
  },
  "adorn:recipes/jungle_bench": {
    "criteria": {
      "has_key_item_0": "2024-09-22 17:01:16 +0000"
    },
    "done": true
  },
  "aquaculture:recipes/tools/golden_fishing_rod": {
    "criteria": {
      "has_gold": "2024-09-22 17:01:24 +0000"
    },
    "done": true
  },
  "minecraft:recipes/redstone/dark_oak_button": {
    "criteria": {
      "has_planks": "2024-09-22 17:01:11 +0000"
    },
    "done": true
  },
  "minecraft:recipes/tools/shears": {
    "criteria": {
      "has_iron_ingot": "2024-09-22 17:01:24 +0000"
    },
    "done": true
  },
  "minecraft:recipes/misc/stick": {
    "criteria": {
      "has_planks": "2024-09-22 17:01:04 +0000"
    },
    "done": true
  },
  "minecraft:recipes/redstone/crimson_pressure_plate": {
    "criteria": {
      "has_planks": "2024-09-22 17:01:04 +0000"
    },
    "done": true
  },
  "supplementaries:recipes/candelabra": {
    "criteria": {
      "has_item": "2024-09-22 17:01:24 +0000"
    },
    "done": true
  },
  "minecraft:recipes/building_blocks/stone_brick_slab_from_stone_stonecutting": {
    "criteria": {
      "has_stone": "2024-09-22 17:07:53 +0000"
    },
    "done": true
  },
  "betterendforge:recipes/betterendforge/iron_hammer": {
    "criteria": {
      "has_iron_ingot": "2024-09-22 17:01:24 +0000"
    },
    "done": true
  },
  "minecraft:recipes/transportation/spruce_boat": {
    "criteria": {
      "in_water": "2024-09-22 16:54:17 +0000"
    },
    "done": true
  },
  "minecraft:recipes/decorations/crimson_fence": {
    "criteria": {
      "has_planks": "2024-09-22 17:01:04 +0000"
    },
    "done": true
  },
  "adorn:recipes/picket_fence": {
    "criteria": {
      "has_key_item_0": "2024-09-22 17:01:04 +0000"
    },
    "done": true
  },
  "minecraft:recipes/building_blocks/emerald_block": {
    "criteria": {
      "has_emerald": "2024-09-22 17:01:24 +0000"
    },
    "done": true
  },
  "minecraft:recipes/misc/gold_nugget": {
    "criteria": {
      "has_gold_ingot": "2024-09-22 17:01:24 +0000"
    },
    "done": true
  },
  "adorn:recipes/stone_torch": {
    "criteria": {
      "has_key_item_0": "2024-09-22 17:07:53 +0000"
    },
    "done": true
  },
  "minecraft:recipes/combat/iron_leggings": {
    "criteria": {
      "has_iron_ingot": "2024-09-22 17:01:24 +0000"
    },
    "done": true
  },
  "minecraft:recipes/redstone/dark_oak_door": {
    "criteria": {
      "has_planks": "2024-09-22 17:01:11 +0000"
    },
    "done": true
  },
  "minecraft:recipes/combat/shield": {
    "criteria": {
      "has_iron_ingot": "2024-09-22 17:01:24 +0000"
    },
    "done": true
  },
  "minecraft:recipes/building_blocks/cobblestone_slab": {
    "criteria": {
      "has_cobblestone": "2024-09-22 17:12:29 +0000"
    },
    "done": true
  },
  "dungeons_arise:find_small_prairie_house": {
    "criteria": {
      "location0": "2024-09-22 17:06:33 +0000"
    },
    "done": true
  },
  "minecraft:recipes/food/cooked_cod": {
    "criteria": {
      "has_cod": "2024-09-22 17:07:31 +0000"
    },
    "done": true
  },
  "twilightforest:alt/treasures/charms": {
    "criteria": {
      "0": "2024-09-22 16:59:08 +0000"
    },
    "done": true
  },
  "minecraft:recipes/misc/bucket": {
    "criteria": {
      "has_iron_ingot": "2024-09-22 17:01:24 +0000"
    },
    "done": true
  },
  "supplementaries:recipes/hanging_sign_dark_oak": {
    "criteria": {
      "has_plank": "2024-09-22 17:01:11 +0000"
    },
    "done": true
  },
  "extendedmushrooms:recipes/decorations/mushroom_wood/honey_fungus/honey_fungus_chest": {
    "criteria": {
      "has_lots_of_items": "2024-09-22 17:01:24 +0000"
    },
    "done": true
  },
  "supplementaries:recipes/gold_door": {
    "criteria": {
      "has_plank": "2024-09-22 17:01:24 +0000"
    },
    "done": true
  },
  "minecraft:recipes/building_blocks/cobblestone_stairs": {
    "criteria": {
      "has_cobblestone": "2024-09-22 17:12:29 +0000"
    },
    "done": true
  },
  "minecraft:recipes/redstone/hopper": {
    "criteria": {
      "has_iron_ingot": "2024-09-22 17:01:24 +0000"
    },
    "done": true
  },
  "aquaculture:recipes/tools/gold_fillet_knife": {
    "criteria": {
      "has_items": "2024-09-22 17:01:24 +0000"
    },
    "done": true
  },
  "naturescompass:natures_compass_sapling": {
    "criteria": {
      "has_sapling": "2024-09-22 16:59:15 +0000"
    },
    "done": true
  },
  "dead_guys_untitled_deep_dark_:deep_dark": {
    "criteria": {
      "deep_dark": "2024-09-22 16:53:56 +0000"
    },
    "done": true
  },
  "supplementaries:recipes/sign_post_crimson": {
    "criteria": {
      "has_plank": "2024-09-22 17:01:04 +0000"
    },
    "done": true
  },
  "adorn:recipes/dark_oak_post": {
    "criteria": {
      "has_key_item_0": "2024-09-22 17:01:11 +0000"
    },
    "done": true
  },
  "minecraft:recipes/combat/iron_helmet": {
    "criteria": {
      "has_iron_ingot": "2024-09-22 17:01:24 +0000"
    },
    "done": true
  },
  "minecraft:recipes/tools/golden_shovel": {
    "criteria": {
      "has_gold_ingot": "2024-09-22 17:01:24 +0000"
    },
    "done": true
  },
  "minecraft:recipes/redstone/tnt": {
    "criteria": {
      "has_gunpowder": "2024-09-22 17:01:24 +0000"
    },
    "done": true
  },
  "adorn:recipes/stone_post": {
    "criteria": {
      "has_key_item_0": "2024-09-22 17:07:53 +0000"
    },
    "done": true
  },
  "minecraft:recipes/building_blocks/stone_stairs_from_stone_stonecutting": {
    "criteria": {
      "has_stone": "2024-09-22 17:07:53 +0000"
    },
    "done": true
  },
  "decorative_blocks:recipes/decorations/crimson_support": {
    "criteria": {
      "has_plank": "2024-09-22 17:01:04 +0000"
    },
    "done": true
  },
  "minecraft:recipes/decorations/iron_bars": {
    "criteria": {
      "has_iron_ingot": "2024-09-22 17:01:24 +0000"
    },
    "done": true
  },
  "takesapillage:root": {
    "criteria": {
      "always": "2024-09-22 16:53:56 +0000"
    },
    "done": true
  },
  "minecraft:recipes/redstone/crimson_button": {
    "criteria": {
      "has_planks": "2024-09-22 17:01:04 +0000"
    },
    "done": true
  },
  "minecraft:recipes/building_blocks/gold_block": {
    "criteria": {
      "has_gold_ingot": "2024-09-22 17:01:24 +0000"
    },
    "done": true
  },
  "minecraft:story/mine_stone": {
    "criteria": {
      "get_stone": "2024-09-22 17:12:29 +0000"
    },
    "done": true
  },
  "minecraft:recipes/transportation/minecart": {
    "criteria": {
      "has_iron_ingot": "2024-09-22 17:01:24 +0000"
    },
    "done": true
  },
  "minecraft:recipes/decorations/furnace": {
    "criteria": {
      "has_cobblestone": "2024-09-22 17:12:29 +0000"
    },
    "done": true
  },
  "morevillagers:root": {
    "criteria": {
      "always": "2024-09-22 16:53:56 +0000"
    },
    "done": true
  },
  "supplementaries:recipes/faucet": {
    "criteria": {
      "has_item": "2024-09-22 17:01:24 +0000"
    },
    "done": true
  },
  "minecraft:recipes/redstone/crimson_door": {
    "criteria": {
      "has_planks": "2024-09-22 17:01:04 +0000"
    },
    "done": true
  },
  "minecraft:recipes/tools/iron_hoe": {
    "criteria": {
      "has_iron_ingot": "2024-09-22 17:01:24 +0000"
    },
    "done": true
  },
  "minecraft:recipes/building_blocks/cobblestone_slab_from_cobblestone_stonecutting": {
    "criteria": {
      "has_cobblestone": "2024-09-22 17:12:29 +0000"
    },
    "done": true
  },
  "supplementaries:recipes/pedestal": {
    "criteria": {
      "has_item": "2024-09-22 17:07:53 +0000"
    },
    "done": true
  },
  "minecraft:recipes/transportation/birch_boat": {
    "criteria": {
      "in_water": "2024-09-22 16:54:17 +0000"
    },
    "done": true
  },
  "minecraft:recipes/food/golden_apple": {
    "criteria": {
      "has_gold_ingot": "2024-09-22 17:01:24 +0000"
    },
    "done": true
  },
  "extendedmushrooms:recipes/decorations/mushroom_wood/glowshroom/glowshroom_chest": {
    "criteria": {
      "has_lots_of_items": "2024-09-22 17:01:24 +0000"
    },
    "done": true
  },
  "adorn:recipes/spruce_bench": {
    "criteria": {
      "has_key_item_0": "2024-09-22 17:00:55 +0000"
    },
    "done": true
  },
  "decorative_blocks:recipes/decorations/chain": {
    "criteria": {
      "has_ingot": "2024-09-22 17:01:24 +0000"
    },
    "done": true
  },
  "extendedmushrooms:recipes/transportation/mushroom_wood/glowshroom/glowshroom_boat": {
    "criteria": {
      "in_water": "2024-09-22 16:54:17 +0000"
    },
    "done": true
  },
  "minecraft:recipes/transportation/acacia_boat": {
    "criteria": {
      "in_water": "2024-09-22 16:54:17 +0000"
    },
    "done": true
  },
  "minecraft:recipes/tools/iron_shovel": {
    "criteria": {
      "has_iron_ingot": "2024-09-22 17:01:24 +0000"
    },
    "done": true
  },
  "minecraft:recipes/redstone/iron_trapdoor": {
    "criteria": {
      "has_iron_ingot": "2024-09-22 17:01:24 +0000"
    },
    "done": true
  },
  "aquaculture:recipes/tools/iron_fillet_knife": {
    "criteria": {
      "has_items": "2024-09-22 17:01:24 +0000"
    },
    "done": true
  },
  "aquaculture:recipes/tools/iron_fishing_rod": {
    "criteria": {
      "has_iron": "2024-09-22 17:01:24 +0000"
    },
    "done": true
  },
  "aquaculture:recipes/tools/stone_fillet_knife": {
    "criteria": {
      "has_items": "2024-09-22 17:12:29 +0000"
    },
    "done": true
  },
  "minecraft:adventure/root": {
    "criteria": {
      "killed_by_something": "2024-09-22 17:05:46 +0000"
    },
    "done": true
  },
  "adorn:recipes/crate": {
    "criteria": {
      "has_key_item_0": "2024-09-22 17:01:04 +0000"
    },
    "done": true
  },
  "decorative_blocks:recipes/decorations/dark_oak_seat": {
    "criteria": {
      "has_plank": "2024-09-22 17:01:11 +0000"
    },
    "done": true
  },
  "extendedmushrooms:recipes/transportation/mushroom_wood/honey_fungus/honey_fungus_boat": {
    "criteria": {
      "in_water": "2024-09-22 16:54:17 +0000"
    },
    "done": true
  },
  "farmersdelight:main/root": {
    "criteria": {
      "seeds": "2024-09-22 16:53:56 +0000"
    },
    "done": true
  },
  "minecraft:recipes/building_blocks/stone_brick_stairs_from_stone_stonecutting": {
    "criteria": {
      "has_stone": "2024-09-22 17:07:53 +0000"
    },
    "done": true
  },
  "minecraft:recipes/redstone/crimson_trapdoor": {
    "criteria": {
      "has_planks": "2024-09-22 17:01:04 +0000"
    },
    "done": true
  },
  "minecraft:recipes/tools/stone_hoe": {
    "criteria": {
      "has_cobblestone": "2024-09-22 17:12:29 +0000"
    },
    "done": true
  },
  "decorative_blocks:recipes/decorations/chandelier": {
    "criteria": {
      "has_torch": "2024-09-22 16:59:12 +0000"
    },
    "done": true
  },
  "architects_palette:main/root": {
    "criteria": {
      "craftingtable": "2024-09-22 16:53:56 +0000"
    },
    "done": true
  },
  "minecraft:recipes/building_blocks/dark_oak_stairs": {
    "criteria": {
      "has_planks": "2024-09-22 17:01:11 +0000"
    },
    "done": true
  },
  "minecraft:story/enchant_item": {
    "criteria": {
      "enchanted_item": "2024-09-22 17:16:37 +0000"
    },
    "done": true
  },
  "farmersdelight:recipes/farmersdelight/cooking_pot": {
    "criteria": {
      "has_iron_ingot": "2024-09-22 17:01:24 +0000"
    },
    "done": true
  },
  "adorn:recipes/spruce_drawer": {
    "criteria": {
      "has_key_item_0": "2024-09-22 17:00:55 +0000"
    },
    "done": true
  },
  "minecraft:recipes/decorations/crimson_sign": {
    "criteria": {
      "has_crimson_planks": "2024-09-22 17:01:04 +0000"
    },
    "done": true
  },
  "minecraft:recipes/decorations/dark_oak_sign": {
    "criteria": {
      "has_dark_oak_planks": "2024-09-22 17:01:11 +0000"
    },
    "done": true
  },
  "bygonenether:explore_structures": {
    "criteria": {
      "in_bastion_remnant": "2024-09-22 16:53:56 +0000"
    },
    "done": false
  },
  "dungeons_arise:find_merchant_campsite": {
    "criteria": {
      "location0": "2024-09-22 16:56:50 +0000"
    },
    "done": true
  },
  "minecraft:recipes/redstone/dark_oak_fence_gate": {
    "criteria": {
      "has_planks": "2024-09-22 17:01:11 +0000"
    },
    "done": true
  },
  "minecraft:recipes/misc/iron_nugget_from_smelting": {
    "criteria": {
      "has_iron_sword": "2024-09-22 17:01:24 +0000"
    },
    "done": true
  },
  "morevillagers:all_workstations_get": {
    "criteria": {
      "barrel": "2024-09-22 17:07:31 +0000"
    },
    "done": false
  },
  "naturescompass:natures_compass_log": {
    "criteria": {
      "has_recipe": "2024-09-22 16:59:15 +0000"
    },
    "done": true
  },
  "supplementaries:recipes/lock_block": {
    "criteria": {
      "has_plank": "2024-09-22 17:01:24 +0000"
    },
    "done": true
  },
  "minecraft:recipes/decorations/chain": {
    "criteria": {
      "has_iron_ingot": "2024-09-22 17:01:24 +0000"
    },
    "done": true
  },
  "supplementaries:recipes/pulley_block": {
    "criteria": {
      "has_plank": "2024-09-22 17:01:24 +0000"
    },
    "done": true
  },
  "minecraft:recipes/transportation/oak_boat": {
    "criteria": {
      "in_water": "2024-09-22 16:54:17 +0000"
    },
    "done": true
  },
  "adorn:recipes/stone_rod": {
    "criteria": {
      "has_key_item_0": "2024-09-22 17:07:53 +0000"
    },
    "done": true
  },
  "minecraft:recipes/food/cooked_cod_from_campfire_cooking": {
    "criteria": {
      "has_cod": "2024-09-22 17:07:31 +0000"
    },
    "done": true
  },
  "adorn:recipes/crimson_kitchen_sink": {
    "criteria": {
      "has_key_item_0": "2024-09-22 17:01:04 +0000"
    },
    "done": true
  },
  "betterendforge:recipes/betterendforge/gold_chandelier": {
    "criteria": {
      "has_gold_ingot": "2024-09-22 17:01:24 +0000"
    },
    "done": true
  },
  "minecraft:recipes/food/cooked_porkchop": {
    "criteria": {
      "has_porkchop": "2024-09-22 17:09:27 +0000"
    },
    "done": true
  },
  "supplementaries:recipes/sign_post_dark_oak": {
    "criteria": {
      "has_plank": "2024-09-22 17:01:11 +0000"
    },
    "done": true
  },
  "adorn:recipes/dark_oak_kitchen_cupboard": {
    "criteria": {
      "has_key_item_0": "2024-09-22 17:01:11 +0000"
    },
    "done": true
  },
  "minecraft:recipes/combat/golden_boots": {
    "criteria": {
      "has_gold_ingot": "2024-09-22 17:01:24 +0000"
    },
    "done": true
  },
  "minecraft:recipes/food/cooked_porkchop_from_campfire_cooking": {
    "criteria": {
      "has_porkchop": "2024-09-22 17:09:27 +0000"
    },
    "done": true
  },
  "adorn:recipes/chain_link_fence": {
    "criteria": {
      "has_key_item_0": "2024-09-22 17:01:24 +0000"
    },
    "done": true
  },
  "betterendforge:recipes/betterendforge/golden_hammer": {
    "criteria": {
      "has_gold_ingot": "2024-09-22 17:01:24 +0000"
    },
    "done": true
  },
  "adorn:recipes/stone_ladder": {
    "criteria": {
      "has_key_item_0": "2024-09-22 17:07:53 +0000"
    },
    "done": true
  },
  "minecraft:recipes/building_blocks/stone_bricks_from_stone_stonecutting": {
    "criteria": {
      "has_stone": "2024-09-22 17:07:53 +0000"
    },
    "done": true
  },
  "adorn:recipes/jungle_coffee_table": {
    "criteria": {
      "has_key_item_0": "2024-09-22 17:01:16 +0000"
    },
    "done": true
  },
  "minecraft:recipes/combat/golden_chestplate": {
    "criteria": {
      "has_gold_ingot": "2024-09-22 17:01:24 +0000"
    },
    "done": true
  },
  "supplementaries:recipes/hanging_sign_crimson": {
    "criteria": {
      "has_plank": "2024-09-22 17:01:04 +0000"
    },
    "done": true
  },
  "decorative_blocks:recipes/decorations/crimson_seat": {
    "criteria": {
      "has_plank": "2024-09-22 17:01:04 +0000"
    },
    "done": true
  },
  "minecraft:recipes/building_blocks/crimson_slab": {
    "criteria": {
      "has_planks": "2024-09-22 17:01:04 +0000"
    },
    "done": true
  },
  "adorn:recipes/jungle_shelf": {
    "criteria": {
      "has_key_item_0": "2024-09-22 17:01:16 +0000"
    },
    "done": true
  },
  "minecraft:recipes/building_blocks/iron_block": {
    "criteria": {
      "has_iron_ingot": "2024-09-22 17:01:24 +0000"
    },
    "done": true
  },
  "minecraft:recipes/building_blocks/crimson_stairs": {
    "criteria": {
      "has_planks": "2024-09-22 17:01:04 +0000"
    },
    "done": true
  },
  "minecraft:recipes/redstone/crimson_fence_gate": {
    "criteria": {
      "has_planks": "2024-09-22 17:01:04 +0000"
    },
    "done": true
  },
  "extendedmushrooms:recipes/transportation/mushroom_wood/colorless/mushroom_boat": {
    "criteria": {
      "in_water": "2024-09-22 16:54:17 +0000"
    },
    "done": true
  },
  "minecraft:recipes/building_blocks/stone_slab": {
    "criteria": {
      "has_stone": "2024-09-22 17:07:53 +0000"
    },
    "done": true
  },
  "adorn:recipes/crimson_kitchen_cupboard": {
    "criteria": {
      "has_key_item_0": "2024-09-22 17:01:04 +0000"
    },
    "done": true
  },
  "minecraft:recipes/building_blocks/coal_block": {
    "criteria": {
      "has_coal": "2024-09-22 17:07:31 +0000"
    },
    "done": true
  },
  "mowziesmobs:root": {
    "criteria": {
      "custom_test_name": "2024-09-22 16:53:56 +0000"
    },
    "done": true
  },
  "dungeons_arise:find_illager_corsair_or_illager_galley": {
    "criteria": {
      "location0": "2024-09-22 17:00:23 +0000"
    },
    "done": true
  },
  "minecraft:recipes/redstone/light_weighted_pressure_plate": {
    "criteria": {
      "has_gold_ingot": "2024-09-22 17:01:24 +0000"
    },
    "done": true
  },
  "extendedmushrooms:recipes/decorations/mushroom_wood/poisonous_mushroom/poisonous_mushroom_chest": {
    "criteria": {
      "has_lots_of_items": "2024-09-22 17:01:24 +0000"
    },
    "done": true
  },
  "supplementaries:recipes/sconce": {
    "criteria": {
      "has_item": "2024-09-22 16:59:12 +0000"
    },
    "done": true
  },
  "minecraft:recipes/tools/stone_shovel": {
    "criteria": {
      "has_cobblestone": "2024-09-22 17:12:29 +0000"
    },
    "done": true
  },
  "dungeons_arise:find_lighthouse": {
    "criteria": {
      "location0": "2024-09-22 17:03:38 +0000"
    },
    "done": true
  },
  "adorn:recipes/spruce_table": {
    "criteria": {
      "has_key_item_0": "2024-09-22 17:00:55 +0000"
    },
    "done": true
  },
  "cataclysm:root": {
    "criteria": {
      "custom_test_name": "2024-09-22 16:53:56 +0000"
    },
    "done": true
  },
  "minecraft:recipes/tools/golden_axe": {
    "criteria": {
      "has_gold_ingot": "2024-09-22 17:01:24 +0000"
    },
    "done": true
  },
  "minecraft:recipes/tools/iron_axe": {
    "criteria": {
      "has_iron_ingot": "2024-09-22 17:01:24 +0000"
    },
    "done": true
  },
  "adorn:recipes/jungle_table": {
    "criteria": {
      "has_key_item_0": "2024-09-22 17:01:16 +0000"
    },
    "done": true
  },
  "minecraft:recipes/combat/golden_helmet": {
    "criteria": {
      "has_gold_ingot": "2024-09-22 17:01:24 +0000"
    },
    "done": true
  },
  "adorn:recipes/iron_shelf": {
    "criteria": {
      "has_key_item_0": "2024-09-22 17:01:24 +0000"
    },
    "done": true
  },
  "minecraft:recipes/combat/iron_boots": {
    "criteria": {
      "has_iron_ingot": "2024-09-22 17:01:24 +0000"
    },
    "done": true
  },
  "minecraft:recipes/misc/bone_meal": {
    "criteria": {
      "has_bone": "2024-09-22 17:01:28 +0000"
    },
    "done": true
  },
  "supplementaries:recipes/gold_trapdoor": {
    "criteria": {
      "has_plank": "2024-09-22 17:01:24 +0000"
    },
    "done": true
  },
  "adorn:recipes/spruce_chair": {
    "criteria": {
      "has_key_item_0": "2024-09-22 17:00:55 +0000"
    },
    "done": true
  },
  "supplementaries:recipes/crank": {
    "criteria": {
      "has_item": "2024-09-22 17:12:29 +0000"
    },
    "done": true
  },
  "supplementaries:recipes/key": {
    "criteria": {
      "has_plank": "2024-09-22 17:01:24 +0000"
    },
    "done": true
  },
  "adorn:recipes/jungle_chair": {
    "criteria": {
      "has_key_item_0": "2024-09-22 17:01:16 +0000"
    },
    "done": true
  },
  "farmersdelight:recipes/farmersdelight/iron_knife": {
    "criteria": {
      "has_iron_ingot": "2024-09-22 17:01:24 +0000"
    },
    "done": true
  },
  "alexsmobs:alexsmobs/dimensional_carver": {
    "criteria": {
      "rat_upgrade_basic": "2024-09-22 17:13:57 +0000"
    },
    "done": true
  },
  "supplementaries:recipes/item_shelf": {
    "criteria": {
      "has_item": "2024-09-22 17:01:04 +0000"
    },
    "done": true
  },
  "minecraft:recipes/redstone/stone_button": {
    "criteria": {
      "has_stone": "2024-09-22 17:07:53 +0000"
    },
    "done": true
  },
  "minecraft:recipes/combat/crossbow": {
    "criteria": {
      "has_iron_ingot": "2024-09-22 17:01:24 +0000"
    },
    "done": true
  },
  "minecraft:recipes/combat/iron_chestplate": {
    "criteria": {
      "has_iron_ingot": "2024-09-22 17:01:24 +0000"
    },
    "done": true
  },
  "adorn:recipes/jungle_drawer": {
    "criteria": {
      "has_key_item_0": "2024-09-22 17:01:16 +0000"
    },
    "done": true
  },
  "decorative_blocks:recipes/decorations/bar_panel": {
    "criteria": {
      "has_ingot": "2024-09-22 17:01:24 +0000"
    },
    "done": true
  },
  "twilightforest:alt/treasures/charm_of_life": {
    "criteria": {
      "1": "2024-09-22 16:59:08 +0000"
    },
    "done": true
  },
  "minecraft:recipes/redstone/dark_oak_trapdoor": {
    "criteria": {
      "has_planks": "2024-09-22 17:01:11 +0000"
    },
    "done": true
  },
  "minecraft:recipes/food/cooked_porkchop_from_smoking": {
    "criteria": {
      "has_porkchop": "2024-09-22 17:09:27 +0000"
    },
    "done": true
  },
  "comforts:rope_and_nail": {
    "criteria": {
      "has_iron": "2024-09-22 17:01:24 +0000"
    },
    "done": true
  },
  "backpacked:recipes/backpacked/spruce_backpack_shelf": {
    "criteria": {
      "has_slab": "2024-09-22 17:00:55 +0000"
    },
    "done": true
  },
  "adorn:recipes/crimson_kitchen_counter": {
    "criteria": {
      "has_key_item_0": "2024-09-22 17:01:04 +0000"
    },
    "done": true
  },
  "minecraft:recipes/misc/iron_nugget_from_blasting": {
    "criteria": {
      "has_iron_sword": "2024-09-22 17:01:24 +0000"
    },
    "done": true
  },
  "betterdungeons:root": {
    "criteria": {
      "always": "2024-09-22 16:53:56 +0000"
    },
    "done": true
  },
  "adorn:recipes/spruce_platform": {
    "criteria": {
      "has_key_item_0": "2024-09-22 17:00:55 +0000"
    },
    "done": true
  },
  "dungeons_arise:find_illager_fort": {
    "criteria": {
      "location0": "2024-09-22 16:58:08 +0000"
    },
    "done": true
  },
  "adorn:recipes/dark_oak_kitchen_sink": {
    "criteria": {
      "has_key_item_0": "2024-09-22 17:01:11 +0000"
    },
    "done": true
  },
  "minecraft:recipes/tools/golden_pickaxe": {
    "criteria": {
      "has_gold_ingot": "2024-09-22 17:01:24 +0000"
    },
    "done": true
  },
  "minecraft:recipes/building_blocks/stone": {
    "criteria": {
      "has_cobblestone": "2024-09-22 17:12:29 +0000"
    },
    "done": true
  },
  "minecraft:recipes/redstone/dark_oak_pressure_plate": {
    "criteria": {
      "has_planks": "2024-09-22 17:01:11 +0000"
    },
    "done": true
  },
  "minecraft:recipes/decorations/stonecutter": {
    "criteria": {
      "has_stone": "2024-09-22 17:07:53 +0000"
    },
    "done": true
  },
  "minecraft:adventure/adventuring_time": {
    "criteria": {
      "minecraft:beach": "2024-09-22 17:03:38 +0000",
      "minecraft:river": "2024-09-22 16:56:47 +0000",
      "minecraft:desert": "2024-09-22 17:03:35 +0000"
    },
    "done": false
  },
  "minecraft:recipes/redstone/iron_door": {
    "criteria": {
      "has_iron_ingot": "2024-09-22 17:01:24 +0000"
    },
    "done": true
  },
  "adorn:recipes/spruce_shelf": {
    "criteria": {
      "has_key_item_0": "2024-09-22 17:00:55 +0000"
    },
    "done": true
  },
  "adorn:recipes/trading_station": {
    "criteria": {
      "has_key_item_0": "2024-09-22 17:01:24 +0000"
    },
    "done": true
  },
  "minecraft:recipes/decorations/composter": {
    "criteria": {
      "has_wood_slab": "2024-09-22 17:00:55 +0000"
    },
    "done": true
  },
  "decorative_blocks:recipes/decorations/stone_pillar": {
    "criteria": {
      "has_stone": "2024-09-22 17:07:53 +0000"
    },
    "done": true
  },
  "extendedmushrooms:recipes/decorations/mushroom_wood/colorless/mushroom_chest": {
    "criteria": {
      "has_lots_of_items": "2024-09-22 17:01:24 +0000"
    },
    "done": true
  },
  "minecraft:recipes/combat/stone_sword": {
    "criteria": {
      "has_cobblestone": "2024-09-22 17:12:29 +0000"
    },
    "done": true
  },
  "minecraft:recipes/decorations/barrel": {
    "criteria": {
      "has_wood_slab": "2024-09-22 17:00:55 +0000"
    },
    "done": true
  },
  "minecraft:recipes/decorations/cobblestone_wall": {
    "criteria": {
      "has_cobblestone": "2024-09-22 17:12:29 +0000"
    },
    "done": true
  },
  "blue_skies:recipes/blue_skies_blocks/trough": {
    "criteria": {
      "has_item": "2024-09-22 17:00:55 +0000"
    },
    "done": true
  },
  "adorn:recipes/cobblestone_post": {
    "criteria": {
      "has_key_item_0": "2024-09-22 17:12:29 +0000"
    },
    "done": true
  },
  "minecraft:recipes/tools/stone_pickaxe": {
    "criteria": {
      "has_cobblestone": "2024-09-22 17:12:29 +0000"
    },
    "done": true
  },
  "minecraft:recipes/decorations/smithing_table": {
    "criteria": {
      "has_iron_ingot": "2024-09-22 17:01:24 +0000"
    },
    "done": true
  },
  "backpacked:recipes/backpacked/jungle_backpack_shelf": {
    "criteria": {
      "has_slab": "2024-09-22 17:01:16 +0000"
    },
    "done": true
  },
  "minecraft:recipes/redstone/stone_pressure_plate": {
    "criteria": {
      "has_stone": "2024-09-22 17:07:53 +0000"
    },
    "done": true
  },
  "minecraft:recipes/transportation/jungle_boat": {
    "criteria": {
      "in_water": "2024-09-22 16:54:17 +0000"
    },
    "done": true
  },
  "minecraft:recipes/decorations/cobblestone_wall_from_cobblestone_stonecutting": {
    "criteria": {
      "has_cobblestone": "2024-09-22 17:12:29 +0000"
    },
    "done": true
  },
  "supplementaries:recipes/hourglass": {
    "criteria": {
      "has_item": "2024-09-22 17:01:24 +0000"
    },
    "done": true
  },
  "minecraft:recipes/decorations/stone_brick_walls_from_stone_stonecutting": {
    "criteria": {
      "has_stone": "2024-09-22 17:07:53 +0000"
    },
    "done": true
  },
  "minecraft:recipes/redstone/heavy_weighted_pressure_plate": {
    "criteria": {
      "has_iron_ingot": "2024-09-22 17:01:24 +0000"
    },
    "done": true
  },
  "farmersdelight:recipes/farmersdelight/golden_knife": {
    "criteria": {
      "has_gold_ingot": "2024-09-22 17:01:24 +0000"
    },
    "done": true
  },
  "minecraft:recipes/transportation/dark_oak_boat": {
    "criteria": {
      "in_water": "2024-09-22 16:54:17 +0000"
    },
    "done": true
  },
  "supplementaries:recipes/speaker_block": {
    "criteria": {
      "has_item": "2024-09-22 17:01:24 +0000"
    },
    "done": true
  },
  "dungeons_arise:wda_root": {
    "criteria": {
      "WDA": "2024-09-22 16:53:56 +0000"
    },
    "done": true
  },
  "minecraft:recipes/combat/golden_leggings": {
    "criteria": {
      "has_gold_ingot": "2024-09-22 17:01:24 +0000"
    },
    "done": true
  },
  "minecraft:recipes/food/cooked_cod_from_smoking": {
    "criteria": {
      "has_cod": "2024-09-22 17:07:31 +0000"
    },
    "done": true
  },
  "adorn:recipes/crimson_post": {
    "criteria": {
      "has_key_item_0": "2024-09-22 17:01:04 +0000"
    },
    "done": true
  },
  "minecraft:recipes/decorations/lantern": {
    "criteria": {
      "has_iron_ingot": "2024-09-22 17:01:24 +0000"
    },
    "done": true
  },
  "minecraft:recipes/building_blocks/stone_stairs": {
    "criteria": {
      "has_stone": "2024-09-22 17:07:53 +0000"
    },
    "done": true
  },
  "minecraft:recipes/decorations/dark_oak_fence": {
    "criteria": {
      "has_planks": "2024-09-22 17:01:11 +0000"
    },
    "done": true
  },
  "adorn:recipes/jungle_step": {
    "criteria": {
      "has_key_item_0": "2024-09-22 17:01:16 +0000"
    },
    "done": true
  },
  "adorn:recipes/spruce_step": {
    "criteria": {
      "has_key_item_0": "2024-09-22 17:00:55 +0000"
    },
    "done": true
  },
  "voidtotem:recipes/combat/totem_of_void_undying": {
    "criteria": {
      "has_emerald": "2024-09-22 17:01:24 +0000"
    },
    "done": true
  },
  "minecraft:story/smelt_iron": {
    "criteria": {
      "iron": "2024-09-22 17:01:24 +0000"
    },
    "done": true
  },
  "minecraft:recipes/tools/stone_axe": {
    "criteria": {
      "has_cobblestone": "2024-09-22 17:12:29 +0000"
    },
    "done": true
  },
  "morevillagers:first_workstation_get": {
    "criteria": {
      "barrel": "2024-09-22 17:07:31 +0000"
    },
    "done": true
  },
  "repurposed_structures:root": {
    "criteria": {
      "always": "2024-09-22 16:53:56 +0000"
    },
    "done": true
  },
  "extendedmushrooms:recipes/transportation/mushroom_wood/poisonous_mushroom/poisonous_mushroom_boat": {
    "criteria": {
      "in_water": "2024-09-22 16:54:17 +0000"
    },
    "done": true
  },
  "DataVersion": 2586
}