{
  "minecraft:recipes/decorations/smoker": {
    "criteria": {
      "has_furnace": "2024-09-22 20:20:32 +0000"
    },
    "done": true
  },
  "minecraft:recipes/building_blocks/polished_blackstone_brick_stairs_from_polished_blackstone_stonecutting": {
    "criteria": {
      "has_polished_blackstone": "2024-09-28 15:03:22 +0000"
    },
    "done": true
  },
  "minecraft:recipes/immersivecooking/blackstone_countertop_from_polished_blackstone_stonecutting": {
    "criteria": {
      "has_polished_blackstone": "2024-09-28 15:03:22 +0000"
    },
    "done": true
  },
  "adorn:recipes/jungle_platform": {
    "criteria": {
      "has_key_item_0": "2024-09-22 17:01:16 +0000"
    },
    "done": true
  },
  "adorn:recipes/dark_oak_kitchen_counter": {
    "criteria": {
      "has_key_item_0": "2024-09-22 17:01:11 +0000"
    },
    "done": true
  },
  "betterendforge:recipes/betterendforge/netherite_hammer_smithing": {
    "criteria": {
      "has_netherite_ingot": "2024-09-22 20:20:07 +0000"
    },
    "done": true
  },
  "minecraft:recipes/redstone/lever": {
    "criteria": {
      "has_cobblestone": "2024-09-22 17:12:29 +0000"
    },
    "done": true
  },
  "immersivecooking:recipes/immersivecooking/oak_quartz_pantry": {
    "criteria": {
      "has_quartz_block": "2024-09-28 14:24:54 +0000"
    },
    "done": true
  },
  "minecraft:recipes/combat/iron_sword": {
    "criteria": {
      "has_iron_ingot": "2024-09-22 17:01:24 +0000"
    },
    "done": true
  },
  "adorn:recipes/guide_book": {
    "criteria": {
      "has_key_item_0": "2024-09-22 19:40:32 +0000"
    },
    "done": true
  },
  "morevillagers:first_village": {
    "criteria": {
      "village": "2024-09-22 16:56:55 +0000"
    },
    "done": true
  },
  "minecraft:recipes/building_blocks/stone_bricks": {
    "criteria": {
      "has_stone": "2024-09-22 17:07:53 +0000"
    },
    "done": true
  },
  "minecraft:recipes/redstone/observer": {
    "criteria": {
      "has_quartz": "2024-09-28 14:24:54 +0000"
    },
    "done": true
  },
  "naturescompass:natures_compass": {
    "criteria": {
      "has_recipe": "2024-09-22 16:59:15 +0000"
    },
    "done": true
  },
  "adorn:recipes/spruce_coffee_table": {
    "criteria": {
      "has_key_item_0": "2024-09-22 17:00:55 +0000"
    },
    "done": true
  },
  "minecraft:recipes/redstone/spruce_door": {
    "criteria": {
      "has_planks": "2024-09-22 20:45:02 +0000"
    },
    "done": true
  },
  "supplementaries:recipes/netherite_door": {
    "criteria": {
      "has_plank": "2024-09-22 20:17:10 +0000"
    },
    "done": true
  },
  "immersivecooking:recipes/immersivecooking/birch_quartz_pantry": {
    "criteria": {
      "has_quartz_block": "2024-09-28 14:24:54 +0000"
    },
    "done": true
  },
  "minecraft:recipes/building_blocks/lime_concrete_powder": {
    "criteria": {
      "has_gravel": "2024-09-28 15:08:54 +0000"
    },
    "done": true
  },
  "minecraft:recipes/building_blocks/chiseled_stone_bricks": {
    "criteria": {
      "has_stone_bricks": "2024-09-22 20:45:50 +0000"
    },
    "done": true
  },
  "minecraft:recipes/tools/iron_pickaxe": {
    "criteria": {
      "has_iron_ingot": "2024-09-22 17:01:24 +0000"
    },
    "done": true
  },
  "minecraft:recipes/redstone/spruce_fence_gate": {
    "criteria": {
      "has_planks": "2024-09-22 20:45:02 +0000"
    },
    "done": true
  },
  "minecraft:recipes/building_blocks/yellow_concrete_powder": {
    "criteria": {
      "has_gravel": "2024-09-28 15:08:54 +0000"
    },
    "done": true
  },
  "extendedmushrooms:recipes/building_blocks/mushroom_wood/poisonous_mushroom/poisonous_mushroom_bookshelf": {
    "criteria": {
      "has_book": "2024-09-22 19:40:32 +0000"
    },
    "done": true
  },
  "adorn:recipes/oak_step": {
    "criteria": {
      "has_key_item_0": "2024-09-22 20:45:11 +0000"
    },
    "done": true
  },
  "minecraft:recipes/decorations/crafting_table": {
    "criteria": {
      "has_planks": "2024-09-22 17:01:04 +0000"
    },
    "done": true
  },
  "minecraft:recipes/building_blocks/magma_block": {
    "criteria": {
      "has_magma_cream": "2024-09-28 15:03:48 +0000"
    },
    "done": true
  },
  "minecraft:recipes/decorations/ladder": {
    "criteria": {
      "has_stick": "2024-09-22 20:14:16 +0000"
    },
    "done": true
  },
  "minecraft:recipes/building_blocks/dark_oak_slab": {
    "criteria": {
      "has_planks": "2024-09-22 17:01:11 +0000"
    },
    "done": true
  },
  "minecraft:recipes/decorations/chest": {
    "criteria": {
      "has_lots_of_items": "2024-09-22 17:01:24 +0000"
    },
    "done": true
  },
  "minecraft:recipes/combat/golden_sword": {
    "criteria": {
      "has_gold_ingot": "2024-09-22 17:01:24 +0000"
    },
    "done": true
  },
  "minecraft:story/shiny_gear": {
    "criteria": {
      "diamond_helmet": "2024-09-22 19:38:00 +0000"
    },
    "done": true
  },
  "minecraft:recipes/building_blocks/chiseled_stone_bricks_stone_from_stonecutting": {
    "criteria": {
      "has_stone": "2024-09-22 17:07:53 +0000"
    },
    "done": true
  },
  "decorative_blocks:recipes/decorations/dark_oak_support": {
    "criteria": {
      "has_plank": "2024-09-22 17:01:11 +0000"
    },
    "done": true
  },
  "minecraft:recipes/redstone/spruce_button": {
    "criteria": {
      "has_planks": "2024-09-22 20:45:02 +0000"
    },
    "done": true
  },
  "minecraft:recipes/tools/wooden_shovel": {
    "criteria": {
      "has_stick": "2024-09-22 20:14:16 +0000"
    },
    "done": true
  },
  "aquaculture:recipes/tools/golden_fishing_rod": {
    "criteria": {
      "has_gold": "2024-09-22 17:01:24 +0000"
    },
    "done": true
  },
  "betterendforge:recipes/betterendforge/thallasium_pickaxe_smithing": {
    "criteria": {
      "has_stick": "2024-09-22 20:14:16 +0000"
    },
    "done": true
  },
  "minecraft:recipes/redstone/dark_oak_button": {
    "criteria": {
      "has_planks": "2024-09-22 17:01:11 +0000"
    },
    "done": true
  },
  "minecraft:recipes/tools/shears": {
    "criteria": {
      "has_iron_ingot": "2024-09-22 17:01:24 +0000"
    },
    "done": true
  },
  "minecraft:recipes/misc/stick": {
    "criteria": {
      "has_planks": "2024-09-22 17:01:04 +0000"
    },
    "done": true
  },
  "betterendforge:recipes/betterendforge/terminite_hammer_smithing": {
    "criteria": {
      "has_stick": "2024-09-22 20:14:16 +0000"
    },
    "done": true
  },
  "minecraft:recipes/redstone/crimson_pressure_plate": {
    "criteria": {
      "has_planks": "2024-09-22 17:01:04 +0000"
    },
    "done": true
  },
  "supplementaries:recipes/candelabra": {
    "criteria": {
      "has_item": "2024-09-22 17:01:24 +0000"
    },
    "done": true
  },
  "minecraft:recipes/building_blocks/stone_brick_slab_from_stone_stonecutting": {
    "criteria": {
      "has_stone": "2024-09-22 17:07:53 +0000"
    },
    "done": true
  },
  "morevillagers:first_trade": {
    "criteria": {
      "villagertrade": "2024-09-22 20:08:39 +0000"
    },
    "done": true
  },
  "betterendforge:recipes/betterendforge/iron_hammer": {
    "criteria": {
      "has_iron_ingot": "2024-09-22 17:01:24 +0000"
    },
    "done": true
  },
  "immersivecooking:recipes/immersivecooking/crimson_quartz_counter": {
    "criteria": {
      "has_quartz_block": "2024-09-28 14:24:54 +0000"
    },
    "done": true
  },
  "minecraft:recipes/redstone/polished_blackstone_button": {
    "criteria": {
      "has_polished_blackstone": "2024-09-28 15:03:22 +0000"
    },
    "done": true
  },
  "minecraft:recipes/decorations/crimson_fence": {
    "criteria": {
      "has_planks": "2024-09-22 17:01:04 +0000"
    },
    "done": true
  },
  "extendedmushrooms:recipes/food/mushroom_bread": {
    "criteria": {
      "has_mushroom": "2024-09-28 14:19:16 +0000"
    },
    "done": true
  },
  "minecraft:recipes/tools/netherite_hoe_smithing": {
    "criteria": {
      "has_netherite_ingot": "2024-09-22 20:20:07 +0000"
    },
    "done": true
  },
  "minecraft:recipes/building_blocks/emerald_block": {
    "criteria": {
      "has_emerald": "2024-09-22 17:01:24 +0000"
    },
    "done": true
  },
  "supplementaries:recipes/sign_post_spruce": {
    "criteria": {
      "has_plank": "2024-09-22 20:45:02 +0000"
    },
    "done": true
  },
  "minecraft:recipes/combat/iron_leggings": {
    "criteria": {
      "has_iron_ingot": "2024-09-22 17:01:24 +0000"
    },
    "done": true
  },
  "minecraft:recipes/redstone/dark_oak_door": {
    "criteria": {
      "has_planks": "2024-09-22 17:01:11 +0000"
    },
    "done": true
  },
  "minecraft:recipes/building_blocks/nether_wart_block": {
    "criteria": {
      "has_nether_wart": "2024-09-28 14:10:18 +0000"
    },
    "done": true
  },
  "minecraft:recipes/combat/shield": {
    "criteria": {
      "has_iron_ingot": "2024-09-22 17:01:24 +0000"
    },
    "done": true
  },
  "minecraft:recipes/building_blocks/cobblestone_slab": {
    "criteria": {
      "has_cobblestone": "2024-09-22 17:12:29 +0000"
    },
    "done": true
  },
  "dungeons_arise:find_small_prairie_house": {
    "criteria": {
      "location0": "2024-09-22 17:06:33 +0000"
    },
    "done": true
  },
  "immersivecooking:recipes/immersivecooking/jungle_blackstone_pantry": {
    "criteria": {
      "has_polished_blackstone": "2024-09-28 15:03:22 +0000"
    },
    "done": true
  },
  "supplementaries:recipes/hanging_sign_dark_oak": {
    "criteria": {
      "has_plank": "2024-09-22 17:01:11 +0000"
    },
    "done": true
  },
  "minecraft:recipes/redstone/hopper": {
    "criteria": {
      "has_iron_ingot": "2024-09-22 17:01:24 +0000"
    },
    "done": true
  },
  "minecraft:recipes/decorations/polished_blackstone_wall_from_polished_blackstone_stonecutting": {
    "criteria": {
      "has_polished_blackstone": "2024-09-28 15:03:22 +0000"
    },
    "done": true
  },
  "minecraft:recipes/building_blocks/coarse_dirt": {
    "criteria": {
      "has_gravel": "2024-09-28 15:08:54 +0000"
    },
    "done": true
  },
  "naturescompass:natures_compass_sapling": {
    "criteria": {
      "has_sapling": "2024-09-22 16:59:15 +0000"
    },
    "done": true
  },
  "comforts:sleeping_bag_light_blue_from_white": {
    "criteria": {
      "has_sleeping_bag": "2024-09-22 19:33:37 +0000"
    },
    "done": true
  },
  "minecraft:recipes/building_blocks/light_gray_concrete_powder": {
    "criteria": {
      "has_gravel": "2024-09-28 15:08:54 +0000"
    },
    "done": true
  },
  "extendedmushrooms:recipes/building_blocks/mushroom_wood/colorless/mushroom_bookshelf": {
    "criteria": {
      "has_book": "2024-09-22 19:40:32 +0000"
    },
    "done": true
  },
  "immersivecooking:recipes/immersivecooking/oak_blackstone_pantry": {
    "criteria": {
      "has_polished_blackstone": "2024-09-28 15:03:22 +0000"
    },
    "done": true
  },
  "minecraft:recipes/building_blocks/pink_concrete_powder": {
    "criteria": {
      "has_gravel": "2024-09-28 15:08:54 +0000"
    },
    "done": true
  },
  "minecraft:recipes/redstone/lectern": {
    "criteria": {
      "has_book": "2024-09-22 19:40:32 +0000"
    },
    "done": true
  },
  "minecraft:recipes/building_blocks/stone_stairs_from_stone_stonecutting": {
    "criteria": {
      "has_stone": "2024-09-22 17:07:53 +0000"
    },
    "done": true
  },
  "minecraft:recipes/decorations/magenta_bed_from_white_bed": {
    "criteria": {
      "has_bed": "2024-09-22 20:09:41 +0000"
    },
    "done": true
  },
  "minecraft:recipes/decorations/iron_bars": {
    "criteria": {
      "has_iron_ingot": "2024-09-22 17:01:24 +0000"
    },
    "done": true
  },
  "takesapillage:root": {
    "criteria": {
      "always": "2024-09-22 16:53:56 +0000"
    },
    "done": true
  },
  "betterendforge:recipes/betterendforge/thallasium_sword_handle_smithing": {
    "criteria": {
      "has_stick": "2024-09-22 20:14:16 +0000"
    },
    "done": true
  },
  "minecraft:recipes/redstone/crimson_button": {
    "criteria": {
      "has_planks": "2024-09-22 17:01:04 +0000"
    },
    "done": true
  },
  "minecraft:recipes/building_blocks/gold_block": {
    "criteria": {
      "has_gold_ingot": "2024-09-22 17:01:24 +0000"
    },
    "done": true
  },
  "betterendforge:recipes/betterendforge/terminite_pickaxe_smithing": {
    "criteria": {
      "has_stick": "2024-09-22 20:14:16 +0000"
    },
    "done": true
  },
  "minecraft:recipes/redstone/comparator": {
    "criteria": {
      "has_quartz": "2024-09-28 14:24:54 +0000"
    },
    "done": true
  },
  "extendedmushrooms:recipes/food/grilled_mushroom_from_campfire_cooking": {
    "criteria": {
      "has_mushroom": "2024-09-28 14:19:16 +0000"
    },
    "done": true
  },
  "morevillagers:root": {
    "criteria": {
      "always": "2024-09-22 16:53:56 +0000"
    },
    "done": true
  },
  "minecraft:recipes/combat/diamond_leggings": {
    "criteria": {
      "has_diamond": "2024-09-22 19:41:27 +0000"
    },
    "done": true
  },
  "minecraft:adventure/sleep_in_bed": {
    "criteria": {
      "slept_in_bed": "2024-09-28 15:07:20 +0000"
    },
    "done": true
  },
  "minecraft:recipes/building_blocks/spruce_planks": {
    "criteria": {
      "has_logs": "2024-09-22 20:14:15 +0000"
    },
    "done": true
  },
  "minecraft:recipes/building_blocks/cobblestone_slab_from_cobblestone_stonecutting": {
    "criteria": {
      "has_cobblestone": "2024-09-22 17:12:29 +0000"
    },
    "done": true
  },
  "upgradednetherite_ultimate:recipes/upgraded_netherite_boots_smithing": {
    "criteria": {
      "has_netherite_boots": "2024-09-22 20:20:55 +0000"
    },
    "done": true
  },
  "supplementaries:recipes/pedestal": {
    "criteria": {
      "has_item": "2024-09-22 17:07:53 +0000"
    },
    "done": true
  },
  "minecraft:recipes/building_blocks/netherite_block": {
    "criteria": {
      "has_netherite_ingot": "2024-09-22 20:20:07 +0000"
    },
    "done": true
  },
  "extendedmushrooms:recipes/decorations/mushroom_wood/glowshroom/glowshroom_chest": {
    "criteria": {
      "has_lots_of_items": "2024-09-22 17:01:24 +0000"
    },
    "done": true
  },
  "adorn:recipes/spruce_bench": {
    "criteria": {
      "has_key_item_0": "2024-09-22 17:00:55 +0000"
    },
    "done": true
  },
  "minecraft:recipes/building_blocks/oak_stairs": {
    "criteria": {
      "has_planks": "2024-09-22 20:15:58 +0000"
    },
    "done": true
  },
  "minecraft:recipes/building_blocks/quartz_stairs": {
    "criteria": {
      "has_quartz_block": "2024-09-28 14:24:54 +0000"
    },
    "done": true
  },
  "decorative_blocks:recipes/decorations/chain": {
    "criteria": {
      "has_ingot": "2024-09-22 17:01:24 +0000"
    },
    "done": true
  },
  "extendedmushrooms:recipes/transportation/mushroom_wood/glowshroom/glowshroom_boat": {
    "criteria": {
      "in_water": "2024-09-22 16:54:17 +0000"
    },
    "done": true
  },
  "blue_skies:recipes/blue_skies_everbright_blocks/frostbright_bookshelf": {
    "criteria": {
      "has_item": "2024-09-22 19:40:32 +0000"
    },
    "done": true
  },
  "minecraft:recipes/transportation/acacia_boat": {
    "criteria": {
      "in_water": "2024-09-22 16:54:17 +0000"
    },
    "done": true
  },
  "upgradednetherite:recipes/upgraded_netherite_leggings_smithing": {
    "criteria": {
      "has_netherite_leggings": "2024-09-22 20:20:55 +0000"
    },
    "done": true
  },
  "minecraft:recipes/immersivecooking/blackstone_countertop_from_polished_blackstone_slab_stonecutting": {
    "criteria": {
      "has_polished_blackstone": "2024-09-28 15:03:22 +0000"
    },
    "done": true
  },
  "minecraft:recipes/redstone/iron_trapdoor": {
    "criteria": {
      "has_iron_ingot": "2024-09-22 17:01:24 +0000"
    },
    "done": true
  },
  "aquaculture:recipes/tools/iron_fillet_knife": {
    "criteria": {
      "has_items": "2024-09-22 17:01:24 +0000"
    },
    "done": true
  },
  "aquaculture:recipes/tools/iron_fishing_rod": {
    "criteria": {
      "has_iron": "2024-09-22 17:01:24 +0000"
    },
    "done": true
  },
  "farmersdelight:recipes/farmersdelight/cutting_board": {
    "criteria": {
      "has_stick": "2024-09-22 20:14:16 +0000"
    },
    "done": true
  },
  "minecraft:adventure/root": {
    "criteria": {
      "killed_by_something": "2024-09-22 17:05:46 +0000"
    },
    "done": true
  },
  "repurposed_structures:mineshafts": {
    "criteria": {
      "in_mineshaft_nether": "2024-09-28 14:25:15 +0000"
    },
    "done": false
  },
  "extendedmushrooms:recipes/transportation/mushroom_wood/honey_fungus/honey_fungus_boat": {
    "criteria": {
      "in_water": "2024-09-22 16:54:17 +0000"
    },
    "done": true
  },
  "minecraft:recipes/decorations/gray_bed_from_white_bed": {
    "criteria": {
      "has_bed": "2024-09-22 20:09:41 +0000"
    },
    "done": true
  },
  "minecraft:recipes/building_blocks/white_concrete_powder": {
    "criteria": {
      "has_gravel": "2024-09-28 15:08:54 +0000"
    },
    "done": true
  },
  "minecraft:recipes/building_blocks/stone_brick_stairs_from_stone_stonecutting": {
    "criteria": {
      "has_stone": "2024-09-22 17:07:53 +0000"
    },
    "done": true
  },
  "minecraft:recipes/tools/diamond_pickaxe": {
    "criteria": {
      "has_diamond": "2024-09-22 19:41:27 +0000"
    },
    "done": true
  },
  "decorative_blocks:recipes/decorations/chandelier": {
    "criteria": {
      "has_torch": "2024-09-22 16:59:12 +0000"
    },
    "done": true
  },
  "upgradednetherite:recipes/upgraded_netherite_ingot": {
    "criteria": {
      "has_netherite_ingot": "2024-09-22 20:20:07 +0000"
    },
    "done": true
  },
  "betterendforge:recipes/betterendforge/diamond_hammer": {
    "criteria": {
      "has_diamond_ingot": "2024-09-22 19:41:27 +0000"
    },
    "done": true
  },
  "minecraft:adventure/kill_all_mobs": {
    "criteria": {
      "minecraft:blaze": "2024-09-28 14:48:57 +0000",
      "minecraft:skeleton": "2024-09-28 14:48:54 +0000",
      "minecraft:magma_cube": "2024-09-28 15:02:56 +0000",
      "minecraft:wither_skeleton": "2024-09-28 14:49:07 +0000"
    },
    "done": false
  },
  "minecraft:recipes/building_blocks/chiseled_quartz_block_from_quartz_block_stonecutting": {
    "criteria": {
      "has_quartz_block": "2024-09-28 14:24:54 +0000"
    },
    "done": true
  },
  "minecraft:story/enchant_item": {
    "criteria": {
      "enchanted_item": "2024-09-22 17:16:37 +0000"
    },
    "done": true
  },
  "farmersdelight:recipes/farmersdelight/cooking_pot": {
    "criteria": {
      "has_iron_ingot": "2024-09-22 17:01:24 +0000"
    },
    "done": true
  },
  "blue_skies:recipes/blue_skies_everbright_blocks/coarse_turquoise_dirt": {
    "criteria": {
      "has_item": "2024-09-28 15:08:54 +0000"
    },
    "done": true
  },
  "minecraft:recipes/decorations/stone_brick_wall": {
    "criteria": {
      "has_stone_bricks": "2024-09-22 20:45:50 +0000"
    },
    "done": true
  },
  "minecraft:recipes/food/cooked_beef_from_smoking": {
    "criteria": {
      "has_beef": "2024-09-28 15:10:15 +0000"
    },
    "done": true
  },
  "minecraft:recipes/decorations/pink_bed_from_white_bed": {
    "criteria": {
      "has_bed": "2024-09-22 20:09:41 +0000"
    },
    "done": true
  },
  "adorn:recipes/spruce_drawer": {
    "criteria": {
      "has_key_item_0": "2024-09-22 17:00:55 +0000"
    },
    "done": true
  },
  "minecraft:recipes/decorations/crimson_sign": {
    "criteria": {
      "has_crimson_planks": "2024-09-22 17:01:04 +0000"
    },
    "done": true
  },
  "minecraft:recipes/redstone/dark_oak_fence_gate": {
    "criteria": {
      "has_planks": "2024-09-22 17:01:11 +0000"
    },
    "done": true
  },
  "minecraft:recipes/misc/iron_nugget_from_smelting": {
    "criteria": {
      "has_iron_sword": "2024-09-22 17:01:24 +0000"
    },
    "done": true
  },
  "upgradednetherite:recipes/upgraded_netherite_boots_smithing": {
    "criteria": {
      "has_netherite_boots": "2024-09-22 20:20:55 +0000"
    },
    "done": true
  },
  "morevillagers:all_professions_traded": {
    "criteria": {
      "librarian": "2024-09-22 20:08:39 +0000"
    },
    "done": false
  },
  "minecraft:recipes/building_blocks/quartz_pillar_from_quartz_block_stonecutting": {
    "criteria": {
      "has_quartz_block": "2024-09-28 14:24:54 +0000"
    },
    "done": true
  },
  "minecraft:recipes/decorations/chain": {
    "criteria": {
      "has_iron_ingot": "2024-09-22 17:01:24 +0000"
    },
    "done": true
  },
  "minecraft:recipes/building_blocks/smooth_quartz": {
    "criteria": {
      "has_quartz_block": "2024-09-28 14:24:54 +0000"
    },
    "done": true
  },
  "minecraft:recipes/redstone/polished_blackstone_pressure_plate": {
    "criteria": {
      "has_polished_blackstone": "2024-09-28 15:03:22 +0000"
    },
    "done": true
  },
  "morevillagers:kill_villager": {
    "criteria": {
      "killedvillager": "2024-09-22 20:01:22 +0000"
    },
    "done": true
  },
  "minecraft:recipes/combat/netherite_boots_smithing": {
    "criteria": {
      "has_netherite_ingot": "2024-09-22 20:20:07 +0000"
    },
    "done": true
  },
  "supplementaries:recipes/pulley_block": {
    "criteria": {
      "has_plank": "2024-09-22 17:01:24 +0000"
    },
    "done": true
  },
  "minecraft:recipes/decorations/oak_fence": {
    "criteria": {
      "has_planks": "2024-09-22 20:15:58 +0000"
    },
    "done": true
  },
  "minecraft:recipes/food/cooked_cod_from_campfire_cooking": {
    "criteria": {
      "has_cod": "2024-09-22 17:07:31 +0000"
    },
    "done": true
  },
  "minecraft:recipes/misc/gold_ingot_from_gold_block": {
    "criteria": {
      "has_gold_block": "2024-09-28 14:19:11 +0000"
    },
    "done": true
  },
  "minecraft:recipes/food/cooked_porkchop": {
    "criteria": {
      "has_porkchop": "2024-09-22 17:09:27 +0000"
    },
    "done": true
  },
  "betterendforge:recipes/betterendforge/terminite_sword_handle_smithing": {
    "criteria": {
      "has_stick": "2024-09-22 20:14:16 +0000"
    },
    "done": true
  },
  "minecraft:recipes/building_blocks/orange_concrete_powder": {
    "criteria": {
      "has_gravel": "2024-09-28 15:08:54 +0000"
    },
    "done": true
  },
  "minecraft:recipes/building_blocks/oak_slab": {
    "criteria": {
      "has_planks": "2024-09-22 20:15:58 +0000"
    },
    "done": true
  },
  "supplementaries:recipes/sign_post_dark_oak": {
    "criteria": {
      "has_plank": "2024-09-22 17:01:11 +0000"
    },
    "done": true
  },
  "betterendforge:recipes/betterendforge/thallasium_hammer_smithing": {
    "criteria": {
      "has_stick": "2024-09-22 20:14:16 +0000"
    },
    "done": true
  },
  "minecraft:recipes/food/cooked_porkchop_from_campfire_cooking": {
    "criteria": {
      "has_porkchop": "2024-09-22 17:09:27 +0000"
    },
    "done": true
  },
  "minecraft:recipes/building_blocks/chiseled_polished_blackstone": {
    "criteria": {
      "has_polished_blackstone": "2024-09-28 15:03:22 +0000"
    },
    "done": true
  },
  "adorn:recipes/chain_link_fence": {
    "criteria": {
      "has_key_item_0": "2024-09-22 17:01:24 +0000"
    },
    "done": true
  },
  "betterendforge:recipes/betterendforge/golden_hammer": {
    "criteria": {
      "has_gold_ingot": "2024-09-22 17:01:24 +0000"
    },
    "done": true
  },
  "comforts:sleeping_bag_green_from_white": {
    "criteria": {
      "has_sleeping_bag": "2024-09-22 19:33:37 +0000"
    },
    "done": true
  },
  "extendedmushrooms:recipes/decorations/mushroom_wood/colorless/mushroom_ladder": {
    "criteria": {
      "has_stick": "2024-09-22 20:14:16 +0000"
    },
    "done": true
  },
  "betterendforge:recipes/betterendforge/thallasium_shovel_smithing": {
    "criteria": {
      "has_stick": "2024-09-22 20:14:16 +0000"
    },
    "done": true
  },
  "minecraft:recipes/brewing/blaze_powder": {
    "criteria": {
      "has_blaze_rod": "2024-09-28 14:50:53 +0000"
    },
    "done": true
  },
  "upgradednetherite:recipes/upgraded_netherite_helmet_smithing": {
    "criteria": {
      "has_netherite_helmet": "2024-09-22 20:20:55 +0000"
    },
    "done": true
  },
  "backpacked:recipes/backpacked/oak_backpack_shelf": {
    "criteria": {
      "has_stick": "2024-09-22 20:14:16 +0000"
    },
    "done": true
  },
  "minecraft:recipes/combat/golden_chestplate": {
    "criteria": {
      "has_gold_ingot": "2024-09-22 17:01:24 +0000"
    },
    "done": true
  },
  "minecraft:recipes/food/cooked_salmon_from_smoking": {
    "criteria": {
      "has_salmon": "2024-09-22 20:15:03 +0000"
    },
    "done": true
  },
  "minecraft:recipes/tools/netherite_shovel_smithing": {
    "criteria": {
      "has_netherite_ingot": "2024-09-22 20:20:07 +0000"
    },
    "done": true
  },
  "cataclysm:find_soul_black_smith": {
    "criteria": {
      "blacksmith": "2024-09-28 14:58:16 +0000"
    },
    "done": true
  },
  "bygonenether:root": {
    "criteria": {
      "entered_nether": "2024-09-22 21:15:07 +0000"
    },
    "done": true
  },
  "supplementaries:recipes/hanging_sign_crimson": {
    "criteria": {
      "has_plank": "2024-09-22 17:01:04 +0000"
    },
    "done": true
  },
  "minecraft:recipes/building_blocks/polished_blackstone_brick_slab_from_polished_blackstone_stonecutting": {
    "criteria": {
      "has_polished_blackstone": "2024-09-28 15:03:22 +0000"
    },
    "done": true
  },
  "minecraft:recipes/building_blocks/crimson_slab": {
    "criteria": {
      "has_planks": "2024-09-22 17:01:04 +0000"
    },
    "done": true
  },
  "minecraft:recipes/building_blocks/iron_block": {
    "criteria": {
      "has_iron_ingot": "2024-09-22 17:01:24 +0000"
    },
    "done": true
  },
  "adorn:recipes/stone_brick_post": {
    "criteria": {
      "has_key_item_0": "2024-09-22 20:45:50 +0000"
    },
    "done": true
  },
  "upgradednetherite_ultimate:recipes/upgraded_netherite_ingot": {
    "criteria": {
      "has_netherite_ingot": "2024-09-22 20:20:07 +0000"
    },
    "done": true
  },
  "minecraft:recipes/building_blocks/quartz_slab": {
    "criteria": {
      "has_quartz_block": "2024-09-28 14:24:54 +0000"
    },
    "done": true
  },
  "minecraft:recipes/building_blocks/crimson_stairs": {
    "criteria": {
      "has_planks": "2024-09-22 17:01:04 +0000"
    },
    "done": true
  },
  "minecraft:recipes/redstone/crimson_fence_gate": {
    "criteria": {
      "has_planks": "2024-09-22 17:01:04 +0000"
    },
    "done": true
  },
  "minecraft:recipes/combat/netherite_chestplate_smithing": {
    "criteria": {
      "has_netherite_ingot": "2024-09-22 20:20:07 +0000"
    },
    "done": true
  },
  "minecraft:recipes/building_blocks/spruce_wood": {
    "criteria": {
      "has_log": "2024-09-22 20:14:15 +0000"
    },
    "done": true
  },
  "mowziesmobs:root": {
    "criteria": {
      "custom_test_name": "2024-09-22 16:53:56 +0000"
    },
    "done": true
  },
  "dungeons_arise:find_illager_corsair_or_illager_galley": {
    "criteria": {
      "location0": "2024-09-22 17:00:23 +0000"
    },
    "done": true
  },
  "supplementaries:recipes/sconce": {
    "criteria": {
      "has_item": "2024-09-22 16:59:12 +0000"
    },
    "done": true
  },
  "minecraft:recipes/combat/wooden_sword": {
    "criteria": {
      "has_stick": "2024-09-22 20:14:16 +0000"
    },
    "done": true
  },
  "dungeons_arise:find_lighthouse": {
    "criteria": {
      "location0": "2024-09-22 17:03:38 +0000"
    },
    "done": true
  },
  "comforts:sleeping_bag_purple_from_white": {
    "criteria": {
      "has_sleeping_bag": "2024-09-22 19:33:37 +0000"
    },
    "done": true
  },
  "minecraft:recipes/building_blocks/gray_concrete_powder": {
    "criteria": {
      "has_gravel": "2024-09-28 15:08:54 +0000"
    },
    "done": true
  },
  "adorn:recipes/spruce_table": {
    "criteria": {
      "has_key_item_0": "2024-09-22 17:00:55 +0000"
    },
    "done": true
  },
  "minecraft:recipes/building_blocks/bookshelf": {
    "criteria": {
      "has_book": "2024-09-22 19:40:32 +0000"
    },
    "done": true
  },
  "minecraft:recipes/tools/golden_axe": {
    "criteria": {
      "has_gold_ingot": "2024-09-22 17:01:24 +0000"
    },
    "done": true
  },
  "minecraft:recipes/tools/iron_axe": {
    "criteria": {
      "has_iron_ingot": "2024-09-22 17:01:24 +0000"
    },
    "done": true
  },
  "decorative_blocks:recipes/decorations/oak_seat": {
    "criteria": {
      "has_plank": "2024-09-22 20:15:58 +0000"
    },
    "done": true
  },
  "adorn:recipes/jungle_table": {
    "criteria": {
      "has_key_item_0": "2024-09-22 17:01:16 +0000"
    },
    "done": true
  },
  "immersivecooking:recipes/immersivecooking/jungle_blackstone_counter": {
    "criteria": {
      "has_polished_blackstone": "2024-09-28 15:03:22 +0000"
    },
    "done": true
  },
  "comforts:sleeping_bag_orange_from_white": {
    "criteria": {
      "has_sleeping_bag": "2024-09-22 19:33:37 +0000"
    },
    "done": true
  },
  "adorn:recipes/oak_drawer": {
    "criteria": {
      "has_key_item_0": "2024-09-22 20:45:11 +0000"
    },
    "done": true
  },
  "adorn:recipes/iron_shelf": {
    "criteria": {
      "has_key_item_0": "2024-09-22 17:01:24 +0000"
    },
    "done": true
  },
  "minecraft:recipes/building_blocks/quartz_slab_from_stonecutting": {
    "criteria": {
      "has_quartz_block": "2024-09-28 14:24:54 +0000"
    },
    "done": true
  },
  "minecraft:recipes/combat/iron_boots": {
    "criteria": {
      "has_iron_ingot": "2024-09-22 17:01:24 +0000"
    },
    "done": true
  },
  "minecraft:recipes/misc/bone_meal": {
    "criteria": {
      "has_bone": "2024-09-22 17:01:28 +0000"
    },
    "done": true
  },
  "minecraft:recipes/building_blocks/chiseled_quartz_block": {
    "criteria": {
      "has_quartz_block": "2024-09-28 14:24:54 +0000"
    },
    "done": true
  },
  "minecraft:recipes/building_blocks/black_concrete_powder": {
    "criteria": {
      "has_gravel": "2024-09-28 15:08:54 +0000"
    },
    "done": true
  },
  "supplementaries:recipes/crank": {
    "criteria": {
      "has_item": "2024-09-22 17:12:29 +0000"
    },
    "done": true
  },
  "comforts:sleeping_bag_brown_from_white": {
    "criteria": {
      "has_sleeping_bag": "2024-09-22 19:33:37 +0000"
    },
    "done": true
  },
  "supplementaries:recipes/key": {
    "criteria": {
      "has_plank": "2024-09-22 17:01:24 +0000"
    },
    "done": true
  },
  "minecraft:story/iron_tools": {
    "criteria": {
      "iron_pickaxe": "2024-09-22 19:41:05 +0000"
    },
    "done": true
  },
  "farmersdelight:recipes/farmersdelight/iron_knife": {
    "criteria": {
      "has_iron_ingot": "2024-09-22 17:01:24 +0000"
    },
    "done": true
  },
  "alexsmobs:alexsmobs/dimensional_carver": {
    "criteria": {
      "rat_upgrade_basic": "2024-09-22 17:13:57 +0000"
    },
    "done": true
  },
  "supplementaries:recipes/item_shelf": {
    "criteria": {
      "has_item": "2024-09-22 17:01:04 +0000"
    },
    "done": true
  },
  "minecraft:recipes/redstone/stone_button": {
    "criteria": {
      "has_stone": "2024-09-22 17:07:53 +0000"
    },
    "done": true
  },
  "minecraft:recipes/combat/crossbow": {
    "criteria": {
      "has_iron_ingot": "2024-09-22 17:01:24 +0000"
    },
    "done": true
  },
  "minecraft:recipes/combat/iron_chestplate": {
    "criteria": {
      "has_iron_ingot": "2024-09-22 17:01:24 +0000"
    },
    "done": true
  },
  "blue_skies:recipes/blue_skies_everbright_blocks/bluebright_bookshelf": {
    "criteria": {
      "has_item": "2024-09-22 19:40:32 +0000"
    },
    "done": true
  },
  "immersivecooking:recipes/immersivecooking/jungle_quartz_pantry": {
    "criteria": {
      "has_quartz_block": "2024-09-28 14:24:54 +0000"
    },
    "done": true
  },
  "adorn:recipes/jungle_drawer": {
    "criteria": {
      "has_key_item_0": "2024-09-22 17:01:16 +0000"
    },
    "done": true
  },
  "decorative_blocks:recipes/decorations/bar_panel": {
    "criteria": {
      "has_ingot": "2024-09-22 17:01:24 +0000"
    },
    "done": true
  },
  "minecraft:recipes/redstone/spruce_pressure_plate": {
    "criteria": {
      "has_planks": "2024-09-22 20:45:02 +0000"
    },
    "done": true
  },
  "twilightforest:alt/treasures/charm_of_life": {
    "criteria": {
      "1": "2024-09-22 16:59:08 +0000"
    },
    "done": true
  },
  "minecraft:recipes/redstone/dark_oak_trapdoor": {
    "criteria": {
      "has_planks": "2024-09-22 17:01:11 +0000"
    },
    "done": true
  },
  "minecraft:recipes/food/cooked_porkchop_from_smoking": {
    "criteria": {
      "has_porkchop": "2024-09-22 17:09:27 +0000"
    },
    "done": true
  },
  "blue_skies:recipes/blue_skies_blocks/cherry_bookshelf": {
    "criteria": {
      "has_item": "2024-09-22 19:40:32 +0000"
    },
    "done": true
  },
  "minecraft:recipes/decorations/oak_sign": {
    "criteria": {
      "has_oak_planks": "2024-09-22 20:15:58 +0000"
    },
    "done": true
  },
  "minecraft:recipes/redstone/oak_trapdoor": {
    "criteria": {
      "has_planks": "2024-09-22 20:15:58 +0000"
    },
    "done": true
  },
  "upgradednetherite_ultimate:recipes/upgraded_netherite_chestplate_smithing": {
    "criteria": {
      "has_netherite_chestplate": "2024-09-22 20:20:55 +0000"
    },
    "done": true
  },
  "comforts:rope_and_nail": {
    "criteria": {
      "has_iron": "2024-09-22 17:01:24 +0000"
    },
    "done": true
  },
  "extendedmushrooms:recipes/food/grilled_mushroom": {
    "criteria": {
      "has_mushroom": "2024-09-28 14:19:16 +0000"
    },
    "done": true
  },
  "immersivecooking:recipes/immersivecooking/birch_blackstone_pantry": {
    "criteria": {
      "has_polished_blackstone": "2024-09-28 15:03:22 +0000"
    },
    "done": true
  },
  "adorn:recipes/spruce_kitchen_counter": {
    "criteria": {
      "has_key_item_0": "2024-09-22 20:45:02 +0000"
    },
    "done": true
  },
  "immersivecooking:recipes/immersivecooking/acacia_quartz_pantry": {
    "criteria": {
      "has_quartz_block": "2024-09-28 14:24:54 +0000"
    },
    "done": true
  },
  "minecraft:recipes/decorations/light_blue_bed_from_white_bed": {
    "criteria": {
      "has_bed": "2024-09-22 20:09:41 +0000"
    },
    "done": true
  },
  "adorn:recipes/spruce_kitchen_cupboard": {
    "criteria": {
      "has_key_item_0": "2024-09-22 20:45:02 +0000"
    },
    "done": true
  },
  "minecraft:recipes/building_blocks/red_concrete_powder": {
    "criteria": {
      "has_gravel": "2024-09-28 15:08:54 +0000"
    },
    "done": true
  },
  "minecraft:recipes/misc/iron_nugget_from_blasting": {
    "criteria": {
      "has_iron_sword": "2024-09-22 17:01:24 +0000"
    },
    "done": true
  },
  "betterdungeons:root": {
    "criteria": {
      "always": "2024-09-22 16:53:56 +0000"
    },
    "done": true
  },
  "immersivecooking:recipes/immersivecooking/nether_brick_quartz_counter": {
    "criteria": {
      "has_quartz_block": "2024-09-28 14:24:54 +0000"
    },
    "done": true
  },
  "supplementaries:recipes/magma_cream": {
    "criteria": {
      "has_plank": "2024-09-28 15:03:48 +0000"
    },
    "done": true
  },
  "minecraft:adventure/kill_a_mob": {
    "criteria": {
      "minecraft:skeleton": "2024-09-28 14:48:54 +0000"
    },
    "done": true
  },
  "minecraft:recipes/tools/golden_pickaxe": {
    "criteria": {
      "has_gold_ingot": "2024-09-22 17:01:24 +0000"
    },
    "done": true
  },
  "betterendforge:recipes/betterendforge/thallasium_hoe_smithing": {
    "criteria": {
      "has_stick": "2024-09-22 20:14:16 +0000"
    },
    "done": true
  },
  "comforts:sleeping_bag_magenta_from_white": {
    "criteria": {
      "has_sleeping_bag": "2024-09-22 19:33:37 +0000"
    },
    "done": true
  },
  "supplementaries:recipes/sign_post_oak": {
    "criteria": {
      "has_plank": "2024-09-22 20:15:58 +0000"
    },
    "done": true
  },
  "adorn:recipes/spruce_post": {
    "criteria": {
      "has_key_item_0": "2024-09-22 20:45:02 +0000"
    },
    "done": true
  },
  "minecraft:recipes/building_blocks/stone": {
    "criteria": {
      "has_cobblestone": "2024-09-22 17:12:29 +0000"
    },
    "done": true
  },
  "adorn:recipes/oak_kitchen_counter": {
    "criteria": {
      "has_key_item_0": "2024-09-22 20:15:58 +0000"
    },
    "done": true
  },
  "minecraft:recipes/decorations/stonecutter": {
    "criteria": {
      "has_stone": "2024-09-22 17:07:53 +0000"
    },
    "done": true
  },
  "minecraft:adventure/adventuring_time": {
    "criteria": {
      "minecraft:beach": "2024-09-22 17:03:38 +0000",
      "minecraft:river": "2024-09-22 16:56:47 +0000",
      "minecraft:desert": "2024-09-22 17:03:35 +0000"
    },
    "done": false
  },
  "minecraft:recipes/decorations/purple_bed_from_white_bed": {
    "criteria": {
      "has_bed": "2024-09-22 20:09:41 +0000"
    },
    "done": true
  },
  "comforts:sleeping_bag_gray_from_white": {
    "criteria": {
      "has_the_recipe": "2024-09-22 19:33:37 +0000",
      "has_sleeping_bag": "2024-09-22 19:33:37 +0000"
    },
    "done": true
  },
  "extendedmushrooms:recipes/decorations/mushroom_wood/colorless/mushroom_chest": {
    "criteria": {
      "has_lots_of_items": "2024-09-22 17:01:24 +0000"
    },
    "done": true
  },
  "betterendforge:recipes/betterendforge/terminite_hoe_smithing": {
    "criteria": {
      "has_stick": "2024-09-22 20:14:16 +0000"
    },
    "done": true
  },
  "minecraft:recipes/combat/stone_sword": {
    "criteria": {
      "has_cobblestone": "2024-09-22 17:12:29 +0000"
    },
    "done": true
  },
  "minecraft:recipes/decorations/barrel": {
    "criteria": {
      "has_wood_slab": "2024-09-22 17:00:55 +0000"
    },
    "done": true
  },
  "minecraft:recipes/decorations/cobblestone_wall": {
    "criteria": {
      "has_cobblestone": "2024-09-22 17:12:29 +0000"
    },
    "done": true
  },
  "upgradednetherite:recipes/netherite_horse_armor": {
    "criteria": {
      "has_netherite_ingot": "2024-09-22 20:20:07 +0000"
    },
    "done": true
  },
  "minecraft:recipes/tools/stone_pickaxe": {
    "criteria": {
      "has_cobblestone": "2024-09-22 17:12:29 +0000"
    },
    "done": true
  },
  "immersivecooking:recipes/immersivecooking/oak_quartz_counter": {
    "criteria": {
      "has_quartz_block": "2024-09-28 14:24:54 +0000"
    },
    "done": true
  },
  "minecraft:recipes/decorations/smithing_table": {
    "criteria": {
      "has_iron_ingot": "2024-09-22 17:01:24 +0000"
    },
    "done": true
  },
  "minecraft:recipes/building_blocks/quartz_bricks": {
    "criteria": {
      "has_quartz_block": "2024-09-28 14:24:54 +0000"
    },
    "done": true
  },
  "immersivecooking:recipes/immersivecooking/warped_quartz_pantry": {
    "criteria": {
      "has_quartz_block": "2024-09-28 14:24:54 +0000"
    },
    "done": true
  },
  "minecraft:recipes/redstone/stone_pressure_plate": {
    "criteria": {
      "has_stone": "2024-09-22 17:07:53 +0000"
    },
    "done": true
  },
  "minecraft:nether/find_bastion": {
    "criteria": {
      "bastion": "2024-09-28 14:18:30 +0000"
    },
    "done": true
  },
  "minecraft:recipes/building_blocks/polished_blackstone_slab": {
    "criteria": {
      "has_polished_blackstone": "2024-09-28 15:03:22 +0000"
    },
    "done": true
  },
  "immersivecooking:recipes/immersivecooking/dark_oak_blackstone_pantry": {
    "criteria": {
      "has_polished_blackstone": "2024-09-28 15:03:22 +0000"
    },
    "done": true
  },
  "minecraft:recipes/decorations/cobblestone_wall_from_cobblestone_stonecutting": {
    "criteria": {
      "has_cobblestone": "2024-09-22 17:12:29 +0000"
    },
    "done": true
  },
  "comforts:sleeping_bag_pink_from_white": {
    "criteria": {
      "has_sleeping_bag": "2024-09-22 19:33:37 +0000"
    },
    "done": true
  },
  "minecraft:recipes/misc/netherite_ingot": {
    "criteria": {
      "has_netherite_scrap": "2024-09-22 20:17:10 +0000"
    },
    "done": true
  },
  "comforts:sleeping_bag_yellow_from_white": {
    "criteria": {
      "has_sleeping_bag": "2024-09-22 19:33:37 +0000"
    },
    "done": true
  },
  "minecraft:recipes/building_blocks/diamond_block": {
    "criteria": {
      "has_diamond": "2024-09-22 19:41:27 +0000"
    },
    "done": true
  },
  "supplementaries:recipes/speaker_block": {
    "criteria": {
      "has_item": "2024-09-22 17:01:24 +0000"
    },
    "done": true
  },
  "immersivecooking:recipes/immersivecooking/brick_blackstone_counter": {
    "criteria": {
      "has_polished_blackstone": "2024-09-28 15:03:22 +0000"
    },
    "done": true
  },
  "adorn:recipes/oak_shelf": {
    "criteria": {
      "has_key_item_0": "2024-09-22 20:45:11 +0000"
    },
    "done": true
  },
  "upgradednetherite_items:recipes/netherite_apple": {
    "criteria": {
      "has_netherite_ingot": "2024-09-22 20:20:07 +0000"
    },
    "done": true
  },
  "minecraft:recipes/building_blocks/quartz_bricks_from_quartz_block_stonecutting": {
    "criteria": {
      "has_quartz_block": "2024-09-28 14:24:54 +0000"
    },
    "done": true
  },
  "minecraft:recipes/combat/netherite_sword_smithing": {
    "criteria": {
      "has_netherite_ingot": "2024-09-22 20:20:07 +0000"
    },
    "done": true
  },
  "backpacked:recipes/backpacked/birch_backpack_shelf": {
    "criteria": {
      "has_stick": "2024-09-22 20:14:16 +0000"
    },
    "done": true
  },
  "dungeons_arise:wda_root": {
    "criteria": {
      "WDA": "2024-09-22 16:53:56 +0000"
    },
    "done": true
  },
  "extendedmushrooms:recipes/decorations/mushroom_wood/glowshroom/glowshroom_ladder": {
    "criteria": {
      "has_stick": "2024-09-22 20:14:16 +0000"
    },
    "done": true
  },
  "immersivecooking:recipes/immersivecooking/warped_blackstone_pantry": {
    "criteria": {
      "has_polished_blackstone": "2024-09-28 15:03:22 +0000"
    },
    "done": true
  },
  "adorn:recipes/oak_chair": {
    "criteria": {
      "has_key_item_0": "2024-09-22 20:45:11 +0000"
    },
    "done": true
  },
  "minecraft:recipes/food/cooked_cod_from_smoking": {
    "criteria": {
      "has_cod": "2024-09-22 17:07:31 +0000"
    },
    "done": true
  },
  "adorn:recipes/crimson_post": {
    "criteria": {
      "has_key_item_0": "2024-09-22 17:01:04 +0000"
    },
    "done": true
  },
  "minecraft:recipes/decorations/lantern": {
    "criteria": {
      "has_iron_ingot": "2024-09-22 17:01:24 +0000"
    },
    "done": true
  },
  "minecraft:nether/explore_nether": {
    "criteria": {
      "minecraft:crimson_forest": "2024-09-22 21:15:07 +0000",
      "minecraft:nether_wastes": "2024-09-28 14:45:55 +0000",
      "minecraft:soul_sand_valley": "2024-09-28 15:06:13 +0000",
      "minecraft:basalt_deltas": "2024-09-28 14:22:13 +0000"
    },
    "done": false
  },
  "comforts:sleeping_bag_cyan_from_white": {
    "criteria": {
      "has_the_recipe": "2024-09-22 19:33:37 +0000",
      "has_sleeping_bag": "2024-09-22 19:33:37 +0000"
    },
    "done": true
  },
  "blue_skies:recipes/blue_skies_everdawn_blocks/maple_bookshelf": {
    "criteria": {
      "has_item": "2024-09-22 19:40:32 +0000"
    },
    "done": true
  },
  "immersivecooking:recipes/immersivecooking/nether_brick_blackstone_counter": {
    "criteria": {
      "has_polished_blackstone": "2024-09-28 15:03:22 +0000"
    },
    "done": true
  },
  "minecraft:recipes/decorations/red_bed_from_white_bed": {
    "criteria": {
      "has_bed": "2024-09-22 20:09:41 +0000"
    },
    "done": true
  },
  "voidtotem:recipes/combat/totem_of_void_undying": {
    "criteria": {
      "has_emerald": "2024-09-22 17:01:24 +0000"
    },
    "done": true
  },
  "upgradednetherite_ultimate:recipes/upgraded_netherite_helmet_smithing": {
    "criteria": {
      "has_netherite_helmet": "2024-09-22 20:20:55 +0000"
    },
    "done": true
  },
  "minecraft:recipes/tools/stone_axe": {
    "criteria": {
      "has_cobblestone": "2024-09-22 17:12:29 +0000"
    },
    "done": true
  },
  "betterendforge:recipes/betterendforge/infusion_pedestal": {
    "criteria": {
      "has_obsidian": "2024-09-22 21:14:50 +0000"
    },
    "done": true
  },
  "minecraft:recipes/building_blocks/polished_blackstone_bricks_from_polished_blackstone_stonecutting": {
    "criteria": {
      "has_polished_blackstone": "2024-09-28 15:03:22 +0000"
    },
    "done": true
  },
  "extendedmushrooms:recipes/decorations/mushroom_wood/poisonous_mushroom/poisonous_mushroom_ladder": {
    "criteria": {
      "has_stick": "2024-09-22 20:14:16 +0000"
    },
    "done": true
  },
  "decorative_blocks:recipes/decorations/rocky_dirt": {
    "criteria": {
      "has_dirt": "2024-09-22 17:10:30 +0000"
    },
    "done": true
  },
  "minecraft:recipes/building_blocks/quartz_pillar": {
    "criteria": {
      "has_quartz_block": "2024-09-28 14:24:54 +0000"
    },
    "done": true
  },
  "minecraft:recipes/building_blocks/cobblestone_stairs_from_cobblestone_stonecutting": {
    "criteria": {
      "has_cobblestone": "2024-09-22 17:12:29 +0000"
    },
    "done": true
  },
  "repurposed_structures:pyramids": {
    "criteria": {
      "in_pyramid_nether": "2024-09-28 14:24:42 +0000"
    },
    "done": false
  },
  "minecraft:recipes/building_blocks/magenta_concrete_powder": {
    "criteria": {
      "has_gravel": "2024-09-28 15:08:54 +0000"
    },
    "done": true
  },
  "upgradednetherite:recipes/upgraded_netherite_chestplate_smithing": {
    "criteria": {
      "has_netherite_chestplate": "2024-09-22 20:20:55 +0000"
    },
    "done": true
  },
  "minecraft:recipes/misc/writable_book": {
    "criteria": {
      "has_book": "2024-09-22 19:40:32 +0000"
    },
    "done": true
  },
  "immersivecooking:recipes/immersivecooking/birch_quartz_counter": {
    "criteria": {
      "has_quartz_block": "2024-09-28 14:24:54 +0000"
    },
    "done": true
  },
  "blue_skies:recipes/blue_skies_everdawn_blocks/coarse_lunar_dirt": {
    "criteria": {
      "has_item": "2024-09-28 15:08:54 +0000"
    },
    "done": true
  },
  "comforts:sleeping_bag_lime_from_white": {
    "criteria": {
      "has_sleeping_bag": "2024-09-22 19:33:37 +0000"
    },
    "done": true
  },
  "betterendforge:recipes/betterendforge/iron_chandelier": {
    "criteria": {
      "has_iron_ingot": "2024-09-22 17:01:24 +0000"
    },
    "done": true
  },
  "minecraft:recipes/building_blocks/stone_brick_slab_from_stone_bricks_stonecutting": {
    "criteria": {
      "has_stone_bricks": "2024-09-22 20:45:50 +0000"
    },
    "done": true
  },
  "minecraft:nether/root": {
    "criteria": {
      "entered_nether": "2024-09-22 21:15:07 +0000"
    },
    "done": true
  },
  "immersivecooking:recipes/immersivecooking/stove_hood": {
    "criteria": {
      "has_iron": "2024-09-22 17:01:24 +0000"
    },
    "done": true
  },
  "minecraft:recipes/decorations/campfire": {
    "criteria": {
      "has_coal": "2024-09-22 17:07:31 +0000"
    },
    "done": true
  },
  "minecraft:recipes/tools/golden_hoe": {
    "criteria": {
      "has_gold_ingot": "2024-09-22 17:01:24 +0000"
    },
    "done": true
  },
  "adorn:recipes/oak_post": {
    "criteria": {
      "has_key_item_0": "2024-09-22 20:15:58 +0000"
    },
    "done": true
  },
  "minecraft:recipes/building_blocks/smooth_stone": {
    "criteria": {
      "has_stone": "2024-09-22 17:07:53 +0000"
    },
    "done": true
  },
  "minecraft:recipes/misc/iron_nugget": {
    "criteria": {
      "has_iron_ingot": "2024-09-22 17:01:24 +0000"
    },
    "done": true
  },
  "minecraft:recipes/building_blocks/stone_slab_from_stone_stonecutting": {
    "criteria": {
      "has_stone": "2024-09-22 17:07:53 +0000"
    },
    "done": true
  },
  "minecraft:recipes/building_blocks/brown_concrete_powder": {
    "criteria": {
      "has_gravel": "2024-09-28 15:08:54 +0000"
    },
    "done": true
  },
  "minecraft:recipes/decorations/black_bed_from_white_bed": {
    "criteria": {
      "has_bed": "2024-09-22 20:09:41 +0000"
    },
    "done": true
  },
  "adorn:recipes/jungle_bench": {
    "criteria": {
      "has_key_item_0": "2024-09-22 17:01:16 +0000"
    },
    "done": true
  },
  "backpacked:recipes/backpacked/warped_backpack_shelf": {
    "criteria": {
      "has_stick": "2024-09-22 20:14:16 +0000"
    },
    "done": true
  },
  "minecraft:recipes/combat/diamond_sword": {
    "criteria": {
      "has_diamond": "2024-09-22 19:41:27 +0000"
    },
    "done": true
  },
  "minecraft:recipes/immersivecooking/quartz_countertop_from_polished_quartz_stonecutting": {
    "criteria": {
      "has_quartz_block": "2024-09-28 14:24:54 +0000"
    },
    "done": true
  },
  "adorn:recipes/stone_brick_chimney": {
    "criteria": {
      "has_key_item_0": "2024-09-22 20:45:50 +0000"
    },
    "done": true
  },
  "blue_skies:recipes/blue_skies_everdawn_blocks/lunar_bookshelf": {
    "criteria": {
      "has_item": "2024-09-22 19:40:32 +0000"
    },
    "done": true
  },
  "decorative_blocks:recipes/decorations/spruce_support": {
    "criteria": {
      "has_plank": "2024-09-22 20:45:02 +0000"
    },
    "done": true
  },
  "minecraft:recipes/transportation/spruce_boat": {
    "criteria": {
      "in_water": "2024-09-22 16:54:17 +0000"
    },
    "done": true
  },
  "minecraft:recipes/decorations/jukebox": {
    "criteria": {
      "has_diamond": "2024-09-22 19:41:27 +0000"
    },
    "done": true
  },
  "aquaculture:recipes/tools/wooden_fillet_knife": {
    "criteria": {
      "has_items": "2024-09-22 20:14:16 +0000"
    },
    "done": true
  },
  "minecraft:recipes/building_blocks/cracked_stone_bricks": {
    "criteria": {
      "has_stone_bricks": "2024-09-22 20:45:50 +0000"
    },
    "done": true
  },
  "minecraft:recipes/building_blocks/diorite": {
    "criteria": {
      "has_quartz": "2024-09-28 14:24:54 +0000"
    },
    "done": true
  },
  "minecraft:recipes/tools/flint_and_steel": {
    "criteria": {
      "has_obsidian": "2024-09-22 21:14:50 +0000"
    },
    "done": true
  },
  "adorn:recipes/picket_fence": {
    "criteria": {
      "has_key_item_0": "2024-09-22 17:01:04 +0000"
    },
    "done": true
  },
  "blue_skies:recipes/blue_skies_everbright_blocks/starlit_bookshelf": {
    "criteria": {
      "has_item": "2024-09-22 19:40:32 +0000"
    },
    "done": true
  },
  "minecraft:recipes/building_blocks/quartz_stairs_from_quartz_block_stonecutting": {
    "criteria": {
      "has_quartz_block": "2024-09-28 14:24:54 +0000"
    },
    "done": true
  },
  "adorn:recipes/oak_kitchen_cupboard": {
    "criteria": {
      "has_key_item_0": "2024-09-22 20:15:58 +0000"
    },
    "done": true
  },
  "supplementaries:recipes/netherite_trapdoor": {
    "criteria": {
      "has_plank": "2024-09-22 20:17:10 +0000"
    },
    "done": true
  },
  "supplementaries:recipes/stone_tile": {
    "criteria": {
      "has_plank": "2024-09-22 20:45:50 +0000"
    },
    "done": true
  },
  "minecraft:recipes/food/mushroom_stew": {
    "criteria": {
      "has_red_mushroom": "2024-09-28 14:19:16 +0000"
    },
    "done": true
  },
  "farmersdelight:recipes/farmersdelight/netherite_knife_smithing": {
    "criteria": {
      "has_netherite_ingot": "2024-09-22 20:20:07 +0000"
    },
    "done": true
  },
  "minecraft:recipes/misc/gold_nugget": {
    "criteria": {
      "has_gold_ingot": "2024-09-22 17:01:24 +0000"
    },
    "done": true
  },
  "adorn:recipes/stone_torch": {
    "criteria": {
      "has_key_item_0": "2024-09-22 17:07:53 +0000"
    },
    "done": true
  },
  "supplementaries:recipes/hanging_sign_oak": {
    "criteria": {
      "has_plank": "2024-09-22 20:15:58 +0000"
    },
    "done": true
  },
  "minecraft:husbandry/balanced_diet": {
    "criteria": {
      "bread": "2024-09-22 19:38:50 +0000",
      "cooked_porkchop": "2024-09-22 20:15:40 +0000",
      "porkchop": "2024-09-22 19:15:25 +0000",
      "salmon": "2024-09-22 20:15:12 +0000"
    },
    "done": false
  },
  "minecraft:recipes/tools/wooden_hoe": {
    "criteria": {
      "has_stick": "2024-09-22 20:14:16 +0000"
    },
    "done": true
  },
  "upgradednetherite_ultimate:recipes/upgraded_netherite_leggings_smithing": {
    "criteria": {
      "has_netherite_leggings": "2024-09-22 20:20:55 +0000"
    },
    "done": true
  },
  "minecraft:recipes/food/cooked_cod": {
    "criteria": {
      "has_cod": "2024-09-22 17:07:31 +0000"
    },
    "done": true
  },
  "minecraft:recipes/tools/netherite_pickaxe_smithing": {
    "criteria": {
      "has_netherite_ingot": "2024-09-22 20:20:07 +0000"
    },
    "done": true
  },
  "twilightforest:alt/treasures/charms": {
    "criteria": {
      "0": "2024-09-22 16:59:08 +0000"
    },
    "done": true
  },
  "minecraft:recipes/misc/bucket": {
    "criteria": {
      "has_iron_ingot": "2024-09-22 17:01:24 +0000"
    },
    "done": true
  },
  "extendedmushrooms:recipes/decorations/mushroom_wood/honey_fungus/honey_fungus_chest": {
    "criteria": {
      "has_lots_of_items": "2024-09-22 17:01:24 +0000"
    },
    "done": true
  },
  "supplementaries:recipes/gold_door": {
    "criteria": {
      "has_plank": "2024-09-22 17:01:24 +0000"
    },
    "done": true
  },
  "minecraft:nether/fast_travel": {
    "criteria": {
      "travelled": "2024-09-28 14:33:57 +0000"
    },
    "done": true
  },
  "minecraft:recipes/building_blocks/cobblestone_stairs": {
    "criteria": {
      "has_cobblestone": "2024-09-22 17:12:29 +0000"
    },
    "done": true
  },
  "aquaculture:recipes/tools/gold_fillet_knife": {
    "criteria": {
      "has_items": "2024-09-22 17:01:24 +0000"
    },
    "done": true
  },
  "minecraft:recipes/building_blocks/stone_brick_stairs_from_stone_bricks_stonecutting": {
    "criteria": {
      "has_stone_bricks": "2024-09-22 20:45:50 +0000"
    },
    "done": true
  },
  "minecraft:recipes/decorations/yellow_bed_from_white_bed": {
    "criteria": {
      "has_bed": "2024-09-22 20:09:41 +0000"
    },
    "done": true
  },
  "aquaculture:recipes/tools/diamond_fillet_knife": {
    "criteria": {
      "has_items": "2024-09-22 19:41:27 +0000"
    },
    "done": true
  },
  "farmersdelight:recipes/farmersdelight/grilled_salmon": {
    "criteria": {
      "has_salmon": "2024-09-22 20:15:03 +0000"
    },
    "done": true
  },
  "immersivecooking:recipes/immersivecooking/brick_quartz_counter": {
    "criteria": {
      "has_quartz_block": "2024-09-28 14:24:54 +0000"
    },
    "done": true
  },
  "immersivecooking:recipes/immersivecooking/spruce_blackstone_counter": {
    "criteria": {
      "has_polished_blackstone": "2024-09-28 15:03:22 +0000"
    },
    "done": true
  },
  "immersivecooking:recipes/immersivecooking/crimson_blackstone_counter": {
    "criteria": {
      "has_polished_blackstone": "2024-09-28 15:03:22 +0000"
    },
    "done": true
  },
  "dead_guys_untitled_deep_dark_:deep_dark": {
    "criteria": {
      "deep_dark": "2024-09-22 16:53:56 +0000"
    },
    "done": true
  },
  "minecraft:recipes/building_blocks/light_blue_concrete_powder": {
    "criteria": {
      "has_gravel": "2024-09-28 15:08:54 +0000"
    },
    "done": true
  },
  "supplementaries:recipes/sign_post_crimson": {
    "criteria": {
      "has_plank": "2024-09-22 17:01:04 +0000"
    },
    "done": true
  },
  "backpacked:recipes/backpacked/dark_oak_backpack_shelf": {
    "criteria": {
      "has_stick": "2024-09-22 20:14:16 +0000"
    },
    "done": true
  },
  "adorn:recipes/dark_oak_post": {
    "criteria": {
      "has_key_item_0": "2024-09-22 17:01:11 +0000"
    },
    "done": true
  },
  "minecraft:recipes/combat/iron_helmet": {
    "criteria": {
      "has_iron_ingot": "2024-09-22 17:01:24 +0000"
    },
    "done": true
  },
  "minecraft:recipes/tools/golden_shovel": {
    "criteria": {
      "has_gold_ingot": "2024-09-22 17:01:24 +0000"
    },
    "done": true
  },
  "blue_skies:recipes/blue_skies_everdawn_blocks/dusk_bookshelf": {
    "criteria": {
      "has_item": "2024-09-22 19:40:32 +0000"
    },
    "done": true
  },
  "minecraft:recipes/redstone/tnt": {
    "criteria": {
      "has_gunpowder": "2024-09-22 17:01:24 +0000"
    },
    "done": true
  },
  "minecraft:recipes/redstone/oak_fence_gate": {
    "criteria": {
      "has_planks": "2024-09-22 20:15:58 +0000"
    },
    "done": true
  },
  "minecraft:nether/get_wither_skull": {
    "criteria": {
      "wither_skull": "2024-09-28 14:53:13 +0000"
    },
    "done": true
  },
  "adorn:recipes/stone_post": {
    "criteria": {
      "has_key_item_0": "2024-09-22 17:07:53 +0000"
    },
    "done": true
  },
  "minecraft:recipes/building_blocks/granite": {
    "criteria": {
      "has_quartz": "2024-09-28 14:24:54 +0000"
    },
    "done": true
  },
  "minecraft:recipes/building_blocks/purple_concrete_powder": {
    "criteria": {
      "has_gravel": "2024-09-28 15:08:54 +0000"
    },
    "done": true
  },
  "decorative_blocks:recipes/decorations/crimson_support": {
    "criteria": {
      "has_plank": "2024-09-22 17:01:04 +0000"
    },
    "done": true
  },
  "extendedmushrooms:recipes/decorations/mushroom_wood/honey_fungus/honey_fungus_ladder": {
    "criteria": {
      "has_stick": "2024-09-22 20:14:16 +0000"
    },
    "done": true
  },
  "decorative_blocks:recipes/decorations/spruce_beam": {
    "criteria": {
      "has_stripped_log": "2024-09-22 20:45:11 +0000"
    },
    "done": true
  },
  "minecraft:recipes/decorations/orange_bed_from_white_bed": {
    "criteria": {
      "has_bed": "2024-09-22 20:09:41 +0000"
    },
    "done": true
  },
  "minecraft:recipes/combat/diamond_chestplate": {
    "criteria": {
      "has_diamond": "2024-09-22 19:41:27 +0000"
    },
    "done": true
  },
  "immersivecooking:recipes/immersivecooking/warped_quartz_counter": {
    "criteria": {
      "has_quartz_block": "2024-09-28 14:24:54 +0000"
    },
    "done": true
  },
  "minecraft:story/mine_stone": {
    "criteria": {
      "get_stone": "2024-09-22 17:12:29 +0000"
    },
    "done": true
  },
  "minecraft:recipes/transportation/minecart": {
    "criteria": {
      "has_iron_ingot": "2024-09-22 17:01:24 +0000"
    },
    "done": true
  },
  "minecraft:recipes/decorations/furnace": {
    "criteria": {
      "has_cobblestone": "2024-09-22 17:12:29 +0000"
    },
    "done": true
  },
  "supplementaries:recipes/faucet": {
    "criteria": {
      "has_item": "2024-09-22 17:01:24 +0000"
    },
    "done": true
  },
  "minecraft:recipes/misc/charcoal": {
    "criteria": {
      "has_log": "2024-09-22 18:06:36 +0000"
    },
    "done": true
  },
  "minecraft:recipes/building_blocks/red_nether_bricks": {
    "criteria": {
      "has_nether_wart": "2024-09-28 14:10:18 +0000"
    },
    "done": true
  },
  "minecraft:recipes/redstone/crimson_door": {
    "criteria": {
      "has_planks": "2024-09-22 17:01:04 +0000"
    },
    "done": true
  },
  "minecraft:recipes/tools/iron_hoe": {
    "criteria": {
      "has_iron_ingot": "2024-09-22 17:01:24 +0000"
    },
    "done": true
  },
  "decorative_blocks:recipes/decorations/spruce_palisade": {
    "criteria": {
      "has_log": "2024-09-22 20:14:15 +0000"
    },
    "done": true
  },
  "minecraft:recipes/tools/wooden_pickaxe": {
    "criteria": {
      "has_stick": "2024-09-22 20:14:16 +0000"
    },
    "done": true
  },
  "minecraft:husbandry/root": {
    "criteria": {
      "consumed_item": "2024-09-22 19:15:25 +0000"
    },
    "done": true
  },
  "minecraft:recipes/building_blocks/stone_brick_slab": {
    "criteria": {
      "has_stone_bricks": "2024-09-22 20:45:50 +0000"
    },
    "done": true
  },
  "minecraft:recipes/transportation/birch_boat": {
    "criteria": {
      "in_water": "2024-09-22 16:54:17 +0000"
    },
    "done": true
  },
  "minecraft:recipes/food/golden_apple": {
    "criteria": {
      "has_gold_ingot": "2024-09-22 17:01:24 +0000"
    },
    "done": true
  },
  "minecraft:recipes/decorations/enchanting_table": {
    "criteria": {
      "has_obsidian": "2024-09-22 21:14:50 +0000"
    },
    "done": true
  },
  "minecraft:recipes/building_blocks/green_concrete_powder": {
    "criteria": {
      "has_gravel": "2024-09-28 15:08:54 +0000"
    },
    "done": true
  },
  "minecraft:recipes/tools/iron_shovel": {
    "criteria": {
      "has_iron_ingot": "2024-09-22 17:01:24 +0000"
    },
    "done": true
  },
  "adorn:recipes/oak_bench": {
    "criteria": {
      "has_key_item_0": "2024-09-22 20:45:11 +0000"
    },
    "done": true
  },
  "aquaculture:recipes/tools/diamond_fishing_rod": {
    "criteria": {
      "has_diamond": "2024-09-22 19:41:27 +0000"
    },
    "done": true
  },
  "minecraft:recipes/building_blocks/chiseled_polished_blackstone_from_polished_blackstone_stonecutting": {
    "criteria": {
      "has_polished_blackstone": "2024-09-28 15:03:22 +0000"
    },
    "done": true
  },
  "aquaculture:recipes/tools/stone_fillet_knife": {
    "criteria": {
      "has_items": "2024-09-22 17:12:29 +0000"
    },
    "done": true
  },
  "minecraft:recipes/decorations/cyan_bed_from_white_bed": {
    "criteria": {
      "has_bed": "2024-09-22 20:09:41 +0000"
    },
    "done": true
  },
  "supplementaries:recipes/safe": {
    "criteria": {
      "has_item": "2024-09-22 20:20:07 +0000"
    },
    "done": true
  },
  "adorn:recipes/crate": {
    "criteria": {
      "has_key_item_0": "2024-09-22 17:01:04 +0000"
    },
    "done": true
  },
  "decorative_blocks:recipes/decorations/dark_oak_seat": {
    "criteria": {
      "has_plank": "2024-09-22 17:01:11 +0000"
    },
    "done": true
  },
  "minecraft:recipes/misc/bowl": {
    "criteria": {
      "has_red_mushroom": "2024-09-28 14:19:16 +0000"
    },
    "done": true
  },
  "minecraft:recipes/food/cooked_salmon_from_campfire_cooking": {
    "criteria": {
      "has_salmon": "2024-09-22 20:15:03 +0000"
    },
    "done": true
  },
  "adorn:recipes/quartz_post": {
    "criteria": {
      "has_key_item_0": "2024-09-28 14:24:54 +0000"
    },
    "done": true
  },
  "farmersdelight:main/root": {
    "criteria": {
      "seeds": "2024-09-22 16:53:56 +0000"
    },
    "done": true
  },
  "minecraft:recipes/decorations/lime_bed_from_white_bed": {
    "criteria": {
      "has_bed": "2024-09-22 20:09:41 +0000"
    },
    "done": true
  },
  "minecraft:recipes/redstone/crimson_trapdoor": {
    "criteria": {
      "has_planks": "2024-09-22 17:01:04 +0000"
    },
    "done": true
  },
  "minecraft:recipes/tools/stone_hoe": {
    "criteria": {
      "has_cobblestone": "2024-09-22 17:12:29 +0000"
    },
    "done": true
  },
  "decorative_blocks:recipes/decorations/oak_support": {
    "criteria": {
      "has_plank": "2024-09-22 20:15:58 +0000"
    },
    "done": true
  },
  "minecraft:recipes/decorations/spruce_fence": {
    "criteria": {
      "has_planks": "2024-09-22 20:45:02 +0000"
    },
    "done": true
  },
  "minecraft:recipes/tools/diamond_hoe": {
    "criteria": {
      "has_diamond": "2024-09-22 19:41:27 +0000"
    },
    "done": true
  },
  "architects_palette:main/root": {
    "criteria": {
      "craftingtable": "2024-09-22 16:53:56 +0000"
    },
    "done": true
  },
  "minecraft:recipes/building_blocks/dark_oak_stairs": {
    "criteria": {
      "has_planks": "2024-09-22 17:01:11 +0000"
    },
    "done": true
  },
  "minecraft:recipes/tools/diamond_shovel": {
    "criteria": {
      "has_diamond": "2024-09-22 19:41:27 +0000"
    },
    "done": true
  },
  "minecraft:story/enter_the_nether": {
    "criteria": {
      "entered_nether": "2024-09-22 21:15:07 +0000"
    },
    "done": true
  },
  "minecraft:recipes/decorations/green_bed_from_white_bed": {
    "criteria": {
      "has_bed": "2024-09-22 20:09:41 +0000"
    },
    "done": true
  },
  "immersivecooking:recipes/immersivecooking/dark_oak_blackstone_counter": {
    "criteria": {
      "has_polished_blackstone": "2024-09-28 15:03:22 +0000"
    },
    "done": true
  },
  "minecraft:adventure/trade": {
    "criteria": {
      "traded": "2024-09-22 20:08:39 +0000"
    },
    "done": true
  },
  "minecraft:recipes/decorations/dark_oak_sign": {
    "criteria": {
      "has_dark_oak_planks": "2024-09-22 17:01:11 +0000"
    },
    "done": true
  },
  "bygonenether:explore_structures": {
    "criteria": {
      "in_bastion_remnant": "2024-09-22 16:53:56 +0000",
      "in_fortress": "2024-09-28 14:48:25 +0000",
      "in_catacomb": "2024-09-28 15:06:13 +0000"
    },
    "done": false
  },
  "dungeons_arise:find_merchant_campsite": {
    "criteria": {
      "location0": "2024-09-22 16:56:50 +0000"
    },
    "done": true
  },
  "minecraft:recipes/building_blocks/spruce_stairs": {
    "criteria": {
      "has_planks": "2024-09-22 20:45:02 +0000"
    },
    "done": true
  },
  "morevillagers:all_workstations_get": {
    "criteria": {
      "barrel": "2024-09-22 17:07:31 +0000",
      "grindstone": "2024-09-22 19:39:46 +0000",
      "smithingtable": "2024-09-22 20:20:22 +0000",
      "blastfurnace": "2024-09-22 20:20:31 +0000",
      "lectern": "2024-09-22 19:41:57 +0000"
    },
    "done": false
  },
  "comforts:sleeping_bag_light_gray_from_white": {
    "criteria": {
      "has_sleeping_bag": "2024-09-22 19:33:37 +0000"
    },
    "done": true
  },
  "morevillagers:map_bastion": {
    "criteria": {
      "bastion": "2024-09-28 14:18:30 +0000"
    },
    "done": false
  },
  "immersivecooking:recipes/immersivecooking/birch_blackstone_counter": {
    "criteria": {
      "has_polished_blackstone": "2024-09-28 15:03:22 +0000"
    },
    "done": true
  },
  "naturescompass:natures_compass_log": {
    "criteria": {
      "has_recipe": "2024-09-22 16:59:15 +0000"
    },
    "done": true
  },
  "supplementaries:recipes/lock_block": {
    "criteria": {
      "has_plank": "2024-09-22 17:01:24 +0000"
    },
    "done": true
  },
  "minecraft:story/mine_diamond": {
    "criteria": {
      "diamond": "2024-09-22 19:41:27 +0000"
    },
    "done": true
  },
  "minecraft:recipes/combat/diamond_helmet": {
    "criteria": {
      "has_diamond": "2024-09-22 19:41:27 +0000"
    },
    "done": true
  },
  "alexsmobs:alexsmobs/root": {
    "criteria": {
      "useitem": "2024-09-22 21:15:14 +0000"
    },
    "done": true
  },
  "extendedmushrooms:recipes/food/grilled_mushroom_from_smoking": {
    "criteria": {
      "has_mushroom": "2024-09-28 14:19:16 +0000"
    },
    "done": true
  },
  "minecraft:recipes/transportation/oak_boat": {
    "criteria": {
      "in_water": "2024-09-22 16:54:17 +0000"
    },
    "done": true
  },
  "adorn:recipes/stone_rod": {
    "criteria": {
      "has_key_item_0": "2024-09-22 17:07:53 +0000"
    },
    "done": true
  },
  "adorn:recipes/crimson_kitchen_sink": {
    "criteria": {
      "has_key_item_0": "2024-09-22 17:01:04 +0000"
    },
    "done": true
  },
  "minecraft:recipes/decorations/blue_bed_from_white_bed": {
    "criteria": {
      "has_bed": "2024-09-22 20:09:41 +0000"
    },
    "done": true
  },
  "betterendforge:recipes/betterendforge/gold_chandelier": {
    "criteria": {
      "has_gold_ingot": "2024-09-22 17:01:24 +0000"
    },
    "done": true
  },
  "minecraft:recipes/building_blocks/cyan_concrete_powder": {
    "criteria": {
      "has_gravel": "2024-09-28 15:08:54 +0000"
    },
    "done": true
  },
  "adorn:recipes/dark_oak_kitchen_cupboard": {
    "criteria": {
      "has_key_item_0": "2024-09-22 17:01:11 +0000"
    },
    "done": true
  },
  "minecraft:recipes/building_blocks/stone_brick_stairs": {
    "criteria": {
      "has_stone_bricks": "2024-09-22 20:45:50 +0000"
    },
    "done": true
  },
  "minecraft:recipes/combat/golden_boots": {
    "criteria": {
      "has_gold_ingot": "2024-09-22 17:01:24 +0000"
    },
    "done": true
  },
  "minecraft:recipes/tools/wooden_axe": {
    "criteria": {
      "has_stick": "2024-09-22 20:14:16 +0000"
    },
    "done": true
  },
  "minecraft:recipes/decorations/spruce_sign": {
    "criteria": {
      "has_spruce_planks": "2024-09-22 20:45:02 +0000"
    },
    "done": true
  },
  "alexsmobs:alexsmobs/straddler": {
    "criteria": {
      "killed_by": "2024-09-28 14:22:16 +0000"
    },
    "done": true
  },
  "adorn:recipes/stone_ladder": {
    "criteria": {
      "has_key_item_0": "2024-09-22 17:07:53 +0000"
    },
    "done": true
  },
  "minecraft:recipes/building_blocks/stone_bricks_from_stone_stonecutting": {
    "criteria": {
      "has_stone": "2024-09-22 17:07:53 +0000"
    },
    "done": true
  },
  "backpacked:recipes/backpacked/crimson_backpack_shelf": {
    "criteria": {
      "has_stick": "2024-09-22 20:14:16 +0000"
    },
    "done": true
  },
  "adorn:recipes/jungle_coffee_table": {
    "criteria": {
      "has_key_item_0": "2024-09-22 17:01:16 +0000"
    },
    "done": true
  },
  "comforts:sleeping_bag_black_from_white": {
    "criteria": {
      "has_sleeping_bag": "2024-09-22 19:33:37 +0000"
    },
    "done": true
  },
  "minecraft:recipes/tools/diamond_axe": {
    "criteria": {
      "has_diamond": "2024-09-22 19:41:27 +0000"
    },
    "done": true
  },
  "minecraft:recipes/decorations/stone_brick_wall_from_stone_bricks_stonecutting": {
    "criteria": {
      "has_stone_bricks": "2024-09-22 20:45:50 +0000"
    },
    "done": true
  },
  "extendedmushrooms:recipes/building_blocks/mushroom_wood/glowshroom/glowshroom_bookshelf": {
    "criteria": {
      "has_book": "2024-09-22 19:40:32 +0000"
    },
    "done": true
  },
  "minecraft:recipes/building_blocks/chiseled_stone_bricks_from_stone_bricks_stonecutting": {
    "criteria": {
      "has_stone_bricks": "2024-09-22 20:45:50 +0000"
    },
    "done": true
  },
  "decorative_blocks:recipes/decorations/crimson_seat": {
    "criteria": {
      "has_plank": "2024-09-22 17:01:04 +0000"
    },
    "done": true
  },
  "adorn:recipes/jungle_shelf": {
    "criteria": {
      "has_key_item_0": "2024-09-22 17:01:16 +0000"
    },
    "done": true
  },
  "minecraft:recipes/combat/netherite_leggings_smithing": {
    "criteria": {
      "has_netherite_ingot": "2024-09-22 20:20:07 +0000"
    },
    "done": true
  },
  "minecraft:recipes/building_blocks/polished_blackstone_bricks": {
    "criteria": {
      "has_polished_blackstone": "2024-09-28 15:03:22 +0000"
    },
    "done": true
  },
  "adorn:recipes/traders_manual": {
    "criteria": {
      "has_key_item_0": "2024-09-22 19:40:32 +0000"
    },
    "done": true
  },
  "extendedmushrooms:recipes/transportation/mushroom_wood/colorless/mushroom_boat": {
    "criteria": {
      "in_water": "2024-09-22 16:54:17 +0000"
    },
    "done": true
  },
  "minecraft:recipes/building_blocks/stone_slab": {
    "criteria": {
      "has_stone": "2024-09-22 17:07:53 +0000"
    },
    "done": true
  },
  "adorn:recipes/crimson_kitchen_cupboard": {
    "criteria": {
      "has_key_item_0": "2024-09-22 17:01:04 +0000"
    },
    "done": true
  },
  "minecraft:recipes/building_blocks/coal_block": {
    "criteria": {
      "has_coal": "2024-09-22 17:07:31 +0000"
    },
    "done": true
  },
  "supplementaries:recipes/hanging_sign_spruce": {
    "criteria": {
      "has_plank": "2024-09-22 20:45:02 +0000"
    },
    "done": true
  },
  "minecraft:recipes/redstone/light_weighted_pressure_plate": {
    "criteria": {
      "has_gold_ingot": "2024-09-22 17:01:24 +0000"
    },
    "done": true
  },
  "extendedmushrooms:recipes/decorations/mushroom_wood/poisonous_mushroom/poisonous_mushroom_chest": {
    "criteria": {
      "has_lots_of_items": "2024-09-22 17:01:24 +0000"
    },
    "done": true
  },
  "immersivecooking:recipes/immersivecooking/acacia_quartz_counter": {
    "criteria": {
      "has_quartz_block": "2024-09-28 14:24:54 +0000"
    },
    "done": true
  },
  "minecraft:recipes/tools/stone_shovel": {
    "criteria": {
      "has_cobblestone": "2024-09-22 17:12:29 +0000"
    },
    "done": true
  },
  "decorative_blocks:recipes/decorations/spruce_seat": {
    "criteria": {
      "has_plank": "2024-09-22 20:45:02 +0000"
    },
    "done": true
  },
  "minecraft:recipes/building_blocks/blue_concrete_powder": {
    "criteria": {
      "has_gravel": "2024-09-28 15:08:54 +0000"
    },
    "done": true
  },
  "immersivecooking:recipes/immersivecooking/spruce_quartz_pantry": {
    "criteria": {
      "has_quartz_block": "2024-09-28 14:24:54 +0000"
    },
    "done": true
  },
  "minecraft:recipes/tools/netherite_axe_smithing": {
    "criteria": {
      "has_netherite_ingot": "2024-09-22 20:20:07 +0000"
    },
    "done": true
  },
  "minecraft:recipes/building_blocks/spruce_slab": {
    "criteria": {
      "has_planks": "2024-09-22 20:45:02 +0000"
    },
    "done": true
  },
  "cataclysm:root": {
    "criteria": {
      "custom_test_name": "2024-09-22 16:53:56 +0000"
    },
    "done": true
  },
  "bygonenether:fortress": {
    "criteria": {
      "in_fortress": "2024-09-28 14:48:25 +0000"
    },
    "done": true
  },
  "blue_skies:recipes/blue_skies_blocks/food_prep_table": {
    "criteria": {
      "has_item": "2024-09-22 20:20:32 +0000"
    },
    "done": true
  },
  "betterendforge:recipes/betterendforge/terminite_shovel_smithing": {
    "criteria": {
      "has_stick": "2024-09-22 20:14:16 +0000"
    },
    "done": true
  },
  "minecraft:recipes/combat/golden_helmet": {
    "criteria": {
      "has_gold_ingot": "2024-09-22 17:01:24 +0000"
    },
    "done": true
  },
  "comforts:sleeping_bag_blue_from_white": {
    "criteria": {
      "has_sleeping_bag": "2024-09-22 19:33:37 +0000"
    },
    "done": true
  },
  "minecraft:recipes/redstone/oak_pressure_plate": {
    "criteria": {
      "has_planks": "2024-09-22 20:15:58 +0000"
    },
    "done": true
  },
  "immersivecooking:recipes/immersivecooking/jungle_quartz_counter": {
    "criteria": {
      "has_quartz_block": "2024-09-28 14:24:54 +0000"
    },
    "done": true
  },
  "immersivecooking:recipes/immersivecooking/spruce_quartz_counter": {
    "criteria": {
      "has_quartz_block": "2024-09-28 14:24:54 +0000"
    },
    "done": true
  },
  "supplementaries:recipes/gold_trapdoor": {
    "criteria": {
      "has_plank": "2024-09-22 17:01:24 +0000"
    },
    "done": true
  },
  "adorn:recipes/spruce_chair": {
    "criteria": {
      "has_key_item_0": "2024-09-22 17:00:55 +0000"
    },
    "done": true
  },
  "immersivecooking:recipes/immersivecooking/crimson_blackstone_pantry": {
    "criteria": {
      "has_polished_blackstone": "2024-09-28 15:03:22 +0000"
    },
    "done": true
  },
  "adorn:recipes/jungle_chair": {
    "criteria": {
      "has_key_item_0": "2024-09-22 17:01:16 +0000"
    },
    "done": true
  },
  "betterendforge:recipes/betterendforge/terminite_axe_smithing": {
    "criteria": {
      "has_stick": "2024-09-22 20:14:16 +0000"
    },
    "done": true
  },
  "adorn:recipes/oak_platform": {
    "criteria": {
      "has_key_item_0": "2024-09-22 20:45:11 +0000"
    },
    "done": true
  },
  "minecraft:recipes/misc/skull_banner_pattern": {
    "criteria": {
      "has_wither_skeleton_skull": "2024-09-28 14:53:13 +0000"
    },
    "done": true
  },
  "immersivecooking:recipes/immersivecooking/oak_blackstone_counter": {
    "criteria": {
      "has_polished_blackstone": "2024-09-28 15:03:22 +0000"
    },
    "done": true
  },
  "minecraft:recipes/building_blocks/polished_blackstone_stairs_from_polished_blackstone_stonecutting": {
    "criteria": {
      "has_polished_blackstone": "2024-09-28 15:03:22 +0000"
    },
    "done": true
  },
  "minecraft:recipes/food/cooked_salmon": {
    "criteria": {
      "has_salmon": "2024-09-22 20:15:03 +0000"
    },
    "done": true
  },
  "adorn:recipes/spruce_kitchen_sink": {
    "criteria": {
      "has_key_item_0": "2024-09-22 20:45:02 +0000"
    },
    "done": true
  },
  "extendedmushrooms:recipes/building_blocks/mushroom_wood/honey_fungus/honey_fungus_bookshelf": {
    "criteria": {
      "has_book": "2024-09-22 19:40:32 +0000"
    },
    "done": true
  },
  "minecraft:recipes/decorations/lodestone": {
    "criteria": {
      "has_netherite_ingot": "2024-09-22 20:20:07 +0000"
    },
    "done": true
  },
  "minecraft:story/form_obsidian": {
    "criteria": {
      "obsidian": "2024-09-22 21:14:50 +0000"
    },
    "done": true
  },
  "backpacked:recipes/backpacked/spruce_backpack_shelf": {
    "criteria": {
      "has_slab": "2024-09-22 17:00:55 +0000"
    },
    "done": true
  },
  "minecraft:recipes/brewing/brewing_stand": {
    "criteria": {
      "has_blaze_rod": "2024-09-28 14:50:53 +0000"
    },
    "done": true
  },
  "adorn:recipes/crimson_kitchen_counter": {
    "criteria": {
      "has_key_item_0": "2024-09-22 17:01:04 +0000"
    },
    "done": true
  },
  "immersivecooking:recipes/immersivecooking/acacia_blackstone_pantry": {
    "criteria": {
      "has_polished_blackstone": "2024-09-28 15:03:22 +0000"
    },
    "done": true
  },
  "adorn:recipes/spruce_platform": {
    "criteria": {
      "has_key_item_0": "2024-09-22 17:00:55 +0000"
    },
    "done": true
  },
  "immersivecooking:recipes/immersivecooking/warped_blackstone_counter": {
    "criteria": {
      "has_polished_blackstone": "2024-09-28 15:03:22 +0000"
    },
    "done": true
  },
  "dungeons_arise:find_illager_fort": {
    "criteria": {
      "location0": "2024-09-22 16:58:08 +0000"
    },
    "done": true
  },
  "comforts:sleeping_bag_red_from_white": {
    "criteria": {
      "has_sleeping_bag": "2024-09-22 19:33:37 +0000"
    },
    "done": true
  },
  "adorn:recipes/dark_oak_kitchen_sink": {
    "criteria": {
      "has_key_item_0": "2024-09-22 17:01:11 +0000"
    },
    "done": true
  },
  "minecraft:recipes/redstone/oak_button": {
    "criteria": {
      "has_planks": "2024-09-22 20:15:58 +0000"
    },
    "done": true
  },
  "betterendforge:recipes/betterendforge/thallasium_axe_smithing": {
    "criteria": {
      "has_stick": "2024-09-22 20:14:16 +0000"
    },
    "done": true
  },
  "backpacked:recipes/backpacked/acacia_backpack_shelf": {
    "criteria": {
      "has_stick": "2024-09-22 20:14:16 +0000"
    },
    "done": true
  },
  "adorn:recipes/oak_kitchen_sink": {
    "criteria": {
      "has_key_item_0": "2024-09-22 20:15:58 +0000"
    },
    "done": true
  },
  "farmersdelight:recipes/farmersdelight/flint_knife": {
    "criteria": {
      "has_stick": "2024-09-22 20:14:16 +0000"
    },
    "done": true
  },
  "minecraft:nether/obtain_blaze_rod": {
    "criteria": {
      "blaze_rod": "2024-09-28 14:50:53 +0000"
    },
    "done": true
  },
  "minecraft:recipes/building_blocks/quartz_block": {
    "criteria": {
      "has_quartz": "2024-09-28 14:24:54 +0000"
    },
    "done": true
  },
  "minecraft:recipes/building_blocks/polished_blackstone_slab_from_polished_blackstone_stonecutting": {
    "criteria": {
      "has_polished_blackstone": "2024-09-28 15:03:22 +0000"
    },
    "done": true
  },
  "minecraft:recipes/redstone/dark_oak_pressure_plate": {
    "criteria": {
      "has_planks": "2024-09-22 17:01:11 +0000"
    },
    "done": true
  },
  "immersivecooking:recipes/immersivecooking/acacia_blackstone_counter": {
    "criteria": {
      "has_polished_blackstone": "2024-09-28 15:03:22 +0000"
    },
    "done": true
  },
  "minecraft:recipes/immersivecooking/quartz_countertop_from_polished_quartz_slab_stonecutting": {
    "criteria": {
      "has_quartz_block": "2024-09-28 14:24:54 +0000"
    },
    "done": true
  },
  "immersivecooking:recipes/immersivecooking/dark_oak_quartz_counter": {
    "criteria": {
      "has_quartz_block": "2024-09-28 14:24:54 +0000"
    },
    "done": true
  },
  "minecraft:recipes/food/cooked_beef": {
    "criteria": {
      "has_beef": "2024-09-28 15:10:15 +0000"
    },
    "done": true
  },
  "minecraft:recipes/redstone/iron_door": {
    "criteria": {
      "has_iron_ingot": "2024-09-22 17:01:24 +0000"
    },
    "done": true
  },
  "immersivecooking:recipes/immersivecooking/crimson_quartz_pantry": {
    "criteria": {
      "has_quartz_block": "2024-09-28 14:24:54 +0000"
    },
    "done": true
  },
  "adorn:recipes/spruce_shelf": {
    "criteria": {
      "has_key_item_0": "2024-09-22 17:00:55 +0000"
    },
    "done": true
  },
  "adorn:recipes/trading_station": {
    "criteria": {
      "has_key_item_0": "2024-09-22 17:01:24 +0000"
    },
    "done": true
  },
  "upgradednetherite:recipes/upgraded_netherite_upgrade_smithing": {
    "criteria": {
      "has_netherite_ingot": "2024-09-22 20:20:07 +0000"
    },
    "done": true
  },
  "adorn:recipes/oak_coffee_table": {
    "criteria": {
      "has_key_item_0": "2024-09-22 20:45:11 +0000"
    },
    "done": true
  },
  "minecraft:recipes/decorations/composter": {
    "criteria": {
      "has_wood_slab": "2024-09-22 17:00:55 +0000"
    },
    "done": true
  },
  "decorative_blocks:recipes/decorations/stone_pillar": {
    "criteria": {
      "has_stone": "2024-09-22 17:07:53 +0000"
    },
    "done": true
  },
  "repurposed_structures:outposts": {
    "criteria": {
      "in_outpost_nether_brick": "2024-09-28 14:26:51 +0000"
    },
    "done": false
  },
  "blue_skies:recipes/blue_skies_blocks/trough": {
    "criteria": {
      "has_item": "2024-09-22 17:00:55 +0000"
    },
    "done": true
  },
  "repurposed_structures:ruins": {
    "criteria": {
      "in_ruins_nether": "2024-09-28 14:23:49 +0000"
    },
    "done": false
  },
  "adorn:recipes/cobblestone_post": {
    "criteria": {
      "has_key_item_0": "2024-09-22 17:12:29 +0000"
    },
    "done": true
  },
  "minecraft:nether/loot_bastion": {
    "criteria": {
      "loot_bastion_treasure": "2024-09-28 14:19:05 +0000"
    },
    "done": true
  },
  "extendedmushrooms:recipes/misc/mushroom_spores": {
    "criteria": {
      "has_mushroom": "2024-09-28 14:19:16 +0000"
    },
    "done": true
  },
  "backpacked:recipes/backpacked/jungle_backpack_shelf": {
    "criteria": {
      "has_slab": "2024-09-22 17:01:16 +0000"
    },
    "done": true
  },
  "minecraft:recipes/redstone/oak_door": {
    "criteria": {
      "has_planks": "2024-09-22 20:15:58 +0000"
    },
    "done": true
  },
  "farmersdelight:recipes/farmersdelight/diamond_knife": {
    "criteria": {
      "has_diamond": "2024-09-22 19:41:27 +0000"
    },
    "done": true
  },
  "minecraft:recipes/transportation/jungle_boat": {
    "criteria": {
      "in_water": "2024-09-22 16:54:17 +0000"
    },
    "done": true
  },
  "supplementaries:recipes/hourglass": {
    "criteria": {
      "has_item": "2024-09-22 17:01:24 +0000"
    },
    "done": true
  },
  "minecraft:nether/netherite_armor": {
    "criteria": {
      "netherite_armor": "2024-09-22 20:20:55 +0000"
    },
    "done": true
  },
  "minecraft:recipes/decorations/stone_brick_walls_from_stone_stonecutting": {
    "criteria": {
      "has_stone": "2024-09-22 17:07:53 +0000"
    },
    "done": true
  },
  "minecraft:recipes/building_blocks/polished_blackstone_stairs": {
    "criteria": {
      "has_polished_blackstone": "2024-09-28 15:03:22 +0000"
    },
    "done": true
  },
  "minecraft:recipes/decorations/polished_blackstone_wall": {
    "criteria": {
      "has_polished_blackstone": "2024-09-28 15:03:22 +0000"
    },
    "done": true
  },
  "minecraft:recipes/redstone/heavy_weighted_pressure_plate": {
    "criteria": {
      "has_iron_ingot": "2024-09-22 17:01:24 +0000"
    },
    "done": true
  },
  "farmersdelight:recipes/farmersdelight/golden_knife": {
    "criteria": {
      "has_gold_ingot": "2024-09-22 17:01:24 +0000"
    },
    "done": true
  },
  "minecraft:recipes/transportation/dark_oak_boat": {
    "criteria": {
      "in_water": "2024-09-22 16:54:17 +0000"
    },
    "done": true
  },
  "minecraft:recipes/redstone/daylight_detector": {
    "criteria": {
      "has_quartz": "2024-09-28 14:24:54 +0000"
    },
    "done": true
  },
  "adorn:recipes/polished_blackstone_post": {
    "criteria": {
      "has_key_item_0": "2024-09-28 15:03:22 +0000"
    },
    "done": true
  },
  "minecraft:recipes/decorations/brown_bed_from_white_bed": {
    "criteria": {
      "has_bed": "2024-09-22 20:09:41 +0000"
    },
    "done": true
  },
  "adorn:recipes/oak_table": {
    "criteria": {
      "has_key_item_0": "2024-09-22 20:45:11 +0000"
    },
    "done": true
  },
  "minecraft:recipes/combat/golden_leggings": {
    "criteria": {
      "has_gold_ingot": "2024-09-22 17:01:24 +0000"
    },
    "done": true
  },
  "minecraft:recipes/combat/netherite_helmet_smithing": {
    "criteria": {
      "has_netherite_ingot": "2024-09-22 20:20:07 +0000"
    },
    "done": true
  },
  "minecraft:recipes/building_blocks/stone_stairs": {
    "criteria": {
      "has_stone": "2024-09-22 17:07:53 +0000"
    },
    "done": true
  },
  "minecraft:recipes/redstone/spruce_trapdoor": {
    "criteria": {
      "has_planks": "2024-09-22 20:45:02 +0000"
    },
    "done": true
  },
  "minecraft:recipes/building_blocks/stripped_spruce_wood": {
    "criteria": {
      "has_log": "2024-09-22 20:45:11 +0000"
    },
    "done": true
  },
  "bygonenether:catacomb": {
    "criteria": {
      "in_catacomb": "2024-09-28 15:06:13 +0000"
    },
    "done": true
  },
  "immersivecooking:recipes/immersivecooking/dark_oak_quartz_pantry": {
    "criteria": {
      "has_quartz_block": "2024-09-28 14:24:54 +0000"
    },
    "done": true
  },
  "minecraft:recipes/food/cooked_beef_from_campfire_cooking": {
    "criteria": {
      "has_beef": "2024-09-28 15:10:15 +0000"
    },
    "done": true
  },
  "minecraft:recipes/decorations/dark_oak_fence": {
    "criteria": {
      "has_planks": "2024-09-22 17:01:11 +0000"
    },
    "done": true
  },
  "adorn:recipes/jungle_step": {
    "criteria": {
      "has_key_item_0": "2024-09-22 17:01:16 +0000"
    },
    "done": true
  },
  "minecraft:recipes/combat/diamond_boots": {
    "criteria": {
      "has_diamond": "2024-09-22 19:41:27 +0000"
    },
    "done": true
  },
  "adorn:recipes/spruce_step": {
    "criteria": {
      "has_key_item_0": "2024-09-22 17:00:55 +0000"
    },
    "done": true
  },
  "minecraft:recipes/decorations/polished_blackstone_brick_wall_from_polished_blackstone_stonecutting": {
    "criteria": {
      "has_polished_blackstone": "2024-09-28 15:03:22 +0000"
    },
    "done": true
  },
  "minecraft:recipes/decorations/soul_campfire": {
    "criteria": {
      "has_stick": "2024-09-22 20:14:16 +0000"
    },
    "done": true
  },
  "minecraft:story/smelt_iron": {
    "criteria": {
      "iron": "2024-09-22 17:01:24 +0000"
    },
    "done": true
  },
  "morevillagers:first_workstation_get": {
    "criteria": {
      "barrel": "2024-09-22 17:07:31 +0000"
    },
    "done": true
  },
  "decorative_blocks:recipes/decorations/lattice": {
    "criteria": {
      "has_stick": "2024-09-22 20:14:16 +0000"
    },
    "done": true
  },
  "immersivecooking:recipes/immersivecooking/spruce_blackstone_pantry": {
    "criteria": {
      "has_polished_blackstone": "2024-09-28 15:03:22 +0000"
    },
    "done": true
  },
  "minecraft:recipes/decorations/light_gray_bed_from_white_bed": {
    "criteria": {
      "has_bed": "2024-09-22 20:09:41 +0000"
    },
    "done": true
  },
  "repurposed_structures:root": {
    "criteria": {
      "always": "2024-09-22 16:53:56 +0000"
    },
    "done": true
  },
  "extendedmushrooms:recipes/transportation/mushroom_wood/poisonous_mushroom/poisonous_mushroom_boat": {
    "criteria": {
      "in_water": "2024-09-22 16:54:17 +0000"
    },
    "done": true
  },
  "DataVersion": 2586
}